-- phpMyAdmin SQL Dump
-- version 5.2.1
-- https://www.phpmyadmin.net/
--
-- Host: 127.0.0.1
-- Generation Time: Jul 17, 2026 at 05:57 AM
-- Server version: 10.4.32-MariaDB
-- PHP Version: 8.2.12

SET SQL_MODE = "NO_AUTO_VALUE_ON_ZERO";
START TRANSACTION;
SET time_zone = "+00:00";


/*!40101 SET @OLD_CHARACTER_SET_CLIENT=@@CHARACTER_SET_CLIENT */;
/*!40101 SET @OLD_CHARACTER_SET_RESULTS=@@CHARACTER_SET_RESULTS */;
/*!40101 SET @OLD_COLLATION_CONNECTION=@@COLLATION_CONNECTION */;
/*!40101 SET NAMES utf8mb4 */;

--
-- Database: `bloodconnect01`
--

-- --------------------------------------------------------

--
-- Table structure for table `activity_logs`
--

CREATE TABLE `activity_logs` (
  `id` int(11) NOT NULL,
  `user_id` int(11) DEFAULT NULL,
  `user_name` varchar(255) DEFAULT NULL,
  `action` varchar(255) NOT NULL,
  `message` text NOT NULL,
  `type` varchar(50) DEFAULT 'INFO',
  `created_at` timestamp NOT NULL DEFAULT current_timestamp()
) ENGINE=InnoDB DEFAULT CHARSET=utf8mb4 COLLATE=utf8mb4_general_ci;

--
-- Dumping data for table `activity_logs`
--

INSERT INTO `activity_logs` (`id`, `user_id`, `user_name`, `action`, `message`, `type`, `created_at`) VALUES
(1, 58, 'dardarwinnhtet', 'BLOOD_REQUEST_CREATED', 'New blood request REQ20260705234309 was submitted by patient.', 'INFO', '2026-07-05 17:13:09'),
(2, 57, 'Admin', 'USER_LOGIN', 'Admin logged in to system', 'info', '2026-07-05 17:21:24'),
(3, 58, 'dardar', 'USER_LOGIN', 'dardar logged in to system', 'info', '2026-07-05 17:22:28'),
(4, 57, 'Admin', 'USER_LOGIN', 'Admin logged in to system', 'info', '2026-07-05 17:22:42'),
(5, 57, 'Admin', 'USER_LOGIN', 'Admin logged in to system', 'info', '2026-07-05 17:25:44'),
(6, 58, 'dardar', 'USER_LOGIN', 'dardar logged in to system', 'info', '2026-07-05 17:26:28'),
(7, 58, 'dardar', 'BLOOD_REQUEST_CREATED', 'New blood request REQ20260705235644 was submitted by patient.', 'INFO', '2026-07-05 17:26:44'),
(8, 57, 'Admin', 'USER_LOGIN', 'Admin logged in to system', 'info', '2026-07-05 17:27:03'),
(9, 58, 'dardar', 'USER_LOGIN', 'dardar logged in to system', 'info', '2026-07-05 17:27:50'),
(10, 57, 'Admin', 'USER_LOGIN', 'Admin logged in to system', 'info', '2026-07-05 17:28:16'),
(11, 57, 'Admin', 'BLOOD_REQUEST_CREATED', 'New blood request REQ20260705235946 was submitted by patient.', 'INFO', '2026-07-05 17:29:46'),
(12, 57, 'Admin', 'USER_LOGIN', 'Admin logged in to system', 'info', '2026-07-05 18:40:29'),
(13, 59, 'kk', 'USER_LOGIN', 'kk logged in to system', 'info', '2026-07-06 02:56:07'),
(14, 59, 'kk', 'BLOOD_REQUEST_CREATED', 'New blood request REQ20260706092626 was submitted by patient.', 'INFO', '2026-07-06 02:56:26'),
(15, 59, 'kk', 'USER_LOGIN', 'kk logged in to system', 'info', '2026-07-06 02:57:15'),
(16, 59, 'kk', 'USER_LOGIN', 'kk logged in to system', 'info', '2026-07-06 02:58:32'),
(17, 57, 'Admin', 'USER_LOGIN', 'Admin logged in to system', 'info', '2026-07-06 02:59:08'),
(18, 60, 'dd', 'USER_LOGIN', 'dd logged in to system', 'info', '2026-07-06 03:56:26'),
(19, 60, 'dd', 'BLOOD_REQUEST_CREATED', 'New blood request REQ20260706102643 was submitted by patient.', 'INFO', '2026-07-06 03:56:43'),
(20, 57, 'Admin', 'USER_LOGIN', 'Admin logged in to system', 'info', '2026-07-06 03:57:28'),
(21, 57, 'Admin', 'USER_LOGIN', 'Admin logged in to system', 'info', '2026-07-06 04:32:39'),
(22, 60, 'dar dar', 'USER_LOGIN', 'dar dar logged in to system', 'info', '2026-07-06 05:10:56'),
(23, 57, 'Admin', 'USER_LOGIN', 'Admin logged in to system', 'info', '2026-07-06 05:19:37'),
(24, 61, 'kk', 'USER_LOGIN', 'kk logged in to system', 'info', '2026-07-06 05:26:00'),
(25, 61, 'kk', 'BLOOD_REQUEST_CREATED', 'New blood request REQ20260706115614 was submitted by patient.', 'INFO', '2026-07-06 05:26:14'),
(26, 57, 'Admin', 'USER_LOGIN', 'Admin logged in to system', 'info', '2026-07-06 05:27:02'),
(27, 61, 'kk', 'USER_LOGIN', 'kk logged in to system', 'info', '2026-07-06 06:23:54'),
(28, 57, 'Admin', 'USER_LOGIN', 'Admin logged in to system', 'info', '2026-07-06 06:24:16'),
(29, 61, 'kk', 'USER_LOGIN', 'kk logged in to system', 'info', '2026-07-06 06:30:03'),
(30, 57, 'Admin', 'USER_LOGIN', 'Admin logged in to system', 'info', '2026-07-06 06:30:34'),
(31, 60, 'dar dar', 'USER_LOGIN', 'dar dar logged in to system', 'info', '2026-07-06 06:31:11'),
(32, 57, 'Admin', 'USER_LOGIN', 'Admin logged in to system', 'info', '2026-07-06 06:31:27'),
(33, 62, 'bunny', 'USER_LOGIN', 'bunny logged in to system', 'info', '2026-07-06 06:33:16'),
(34, 62, 'bunny', 'BLOOD_REQUEST_CREATED', 'New blood request REQ20260706130338 was submitted by patient.', 'INFO', '2026-07-06 06:33:38'),
(35, 57, 'Admin', 'USER_LOGIN', 'Admin logged in to system', 'info', '2026-07-06 06:34:04'),
(36, 62, 'bunny', 'USER_LOGIN', 'bunny logged in to system', 'info', '2026-07-06 06:39:31'),
(37, 57, 'Admin', 'USER_LOGIN', 'Admin logged in to system', 'info', '2026-07-06 06:40:08'),
(38, 60, 'dar dar', 'USER_LOGIN', 'dar dar logged in to system', 'info', '2026-07-06 06:40:35'),
(39, 57, 'Admin', 'USER_LOGIN', 'Admin logged in to system', 'info', '2026-07-06 06:41:20'),
(40, 61, 'kk', 'USER_LOGIN', 'kk logged in to system', 'info', '2026-07-06 06:43:25'),
(41, 61, 'kk', 'USER_LOGIN', 'kk logged in to system', 'info', '2026-07-06 06:55:11'),
(42, 61, 'kk', 'BLOOD_REQUEST_CREATED', 'New blood request REQ20260706132529 was submitted by patient.', 'INFO', '2026-07-06 06:55:29'),
(43, 61, 'kk', 'BLOOD_REQUEST_CREATED', 'New blood request REQ20260706132912 was submitted by patient.', 'INFO', '2026-07-06 06:59:12'),
(44, 61, 'kk', 'BLOOD_REQUEST_CREATED', 'New blood request REQ20260706162123 was submitted by patient.', 'INFO', '2026-07-06 09:51:23'),
(45, 61, 'kk', 'BLOOD_REQUEST_CREATED', 'New blood request REQ20260706162711 was submitted by patient.', 'INFO', '2026-07-06 09:57:11'),
(46, 57, 'Admin', 'USER_LOGIN', 'Admin logged in to system', 'info', '2026-07-06 10:08:27'),
(47, 61, 'kk', 'BLOOD_REQUEST_CREATED', 'New blood request REQ20260706163934 was submitted by patient.', 'INFO', '2026-07-06 10:09:34'),
(48, 61, 'kk', 'BLOOD_REQUEST_CREATED', 'New blood request REQ20260706164236 was submitted by patient.', 'INFO', '2026-07-06 10:12:36'),
(49, 57, 'Admin', 'USER_LOGIN', 'Admin logged in to system', 'info', '2026-07-06 14:39:00'),
(50, 60, 'dar dar', 'USER_LOGIN', 'dar dar logged in to system', 'info', '2026-07-06 15:20:05'),
(51, 60, 'dar dar', 'BLOOD_REQUEST_CREATED', 'New blood request REQ20260706215112 was submitted by patient.', 'INFO', '2026-07-06 15:21:12'),
(52, 60, 'dar dar', 'BLOOD_REQUEST_CREATED', 'New blood request REQ20260706220348 was submitted by patient.', 'INFO', '2026-07-06 15:33:48'),
(53, 60, 'dar dar', 'BLOOD_REQUEST_CREATED', 'New blood request REQ20260706224057 was submitted by patient.', 'INFO', '2026-07-06 16:10:57'),
(54, 60, 'dar dar', 'BLOOD_REQUEST_CREATED', 'New blood request REQ20260706225205 was submitted by patient.', 'INFO', '2026-07-06 16:22:05'),
(55, 62, 'bunny', 'USER_LOGIN', 'bunny logged in to system', 'info', '2026-07-06 16:51:00'),
(56, 62, 'bb', 'USER_LOGIN', 'bb logged in to system', 'info', '2026-07-06 16:52:00'),
(57, 62, 'bb', 'BLOOD_REQUEST_CREATED', 'New blood request REQ20260706232233 was submitted by patient.', 'INFO', '2026-07-06 16:52:33'),
(58, 62, 'bb', 'BLOOD_REQUEST_CREATED', 'New blood request REQ20260706232256 was submitted by patient.', 'INFO', '2026-07-06 16:52:56'),
(59, 62, 'bb', 'BLOOD_REQUEST_CREATED', 'New blood request REQ20260706232358 was submitted by patient.', 'INFO', '2026-07-06 16:53:58'),
(60, 62, 'bb', 'BLOOD_REQUEST_CREATED', 'New blood request REQ20260706234850 was submitted by patient.', 'INFO', '2026-07-06 17:18:50'),
(61, 63, 'dardarwinnhtet', 'USER_LOGIN', 'dardarwinnhtet logged in to system', 'info', '2026-07-06 17:36:39'),
(62, 63, 'dardarwinnhtet', 'BLOOD_REQUEST_CREATED', 'New blood request REQ20260707000718 was submitted by patient.', 'INFO', '2026-07-06 17:37:18'),
(63, 63, 'dardarwinnhtet', 'USER_LOGIN', 'dardarwinnhtet logged in to system', 'info', '2026-07-06 17:40:33'),
(64, 57, 'Admin', 'USER_LOGIN', 'Admin logged in to system', 'info', '2026-07-06 17:42:04'),
(65, 63, 'dardarwinnhtet', 'BLOOD_REQUEST_CREATED', 'New blood request REQ20260707001339 was submitted by patient.', 'INFO', '2026-07-06 17:43:39'),
(66, 64, 'bunny', 'USER_LOGIN', 'bunny logged in to system', 'info', '2026-07-06 18:26:30'),
(67, 64, 'bunny', 'USER_LOGIN', 'bunny logged in to system', 'info', '2026-07-06 18:31:48'),
(68, 64, 'bunny', 'USER_LOGIN', 'bunny logged in to system', 'info', '2026-07-07 03:03:14'),
(69, 64, 'bunny', 'USER_LOGIN', 'bunny logged in to system', 'info', '2026-07-07 03:54:32'),
(70, 64, 'bunny', 'USER_LOGIN', 'bunny logged in to system', 'info', '2026-07-07 04:23:34'),
(71, 64, 'bunny', 'USER_LOGIN', 'bunny logged in to system', 'info', '2026-07-07 04:26:50'),
(72, 64, 'bunny', 'USER_LOGIN', 'bunny logged in to system', 'info', '2026-07-07 04:58:26'),
(73, 64, 'bunny', 'USER_LOGIN', 'bunny logged in to system', 'info', '2026-07-07 05:05:25'),
(74, 65, 'dardarwinnhtet', 'USER_LOGIN', 'dardarwinnhtet logged in to system', 'info', '2026-07-07 05:13:28'),
(75, 65, 'dardarwinnhtet', 'USER_LOGIN', 'dardarwinnhtet logged in to system', 'info', '2026-07-07 05:16:23'),
(76, 66, 'kk', 'USER_LOGIN', 'kk logged in to system', 'info', '2026-07-07 05:30:24'),
(77, 65, 'dardar', 'USER_LOGIN', 'dardar logged in to system', 'info', '2026-07-07 06:38:41'),
(78, 67, 'dardarwinnhtet', 'USER_LOGIN', 'dardarwinnhtet logged in to system', 'info', '2026-07-07 07:31:05'),
(79, 67, 'dardarwinnhtet', 'BLOOD_REQUEST_CREATED', 'New blood request REQ20260707140124 was submitted by patient.', 'INFO', '2026-07-07 07:31:24'),
(80, 68, 'kk', 'USER_LOGIN', 'kk logged in to system', 'info', '2026-07-07 07:33:34'),
(81, 67, 'dardarwinnhtet', 'BLOOD_REQUEST_CREATED', 'New blood request REQ20260707140407 was submitted by patient.', 'INFO', '2026-07-07 07:34:07'),
(82, 57, 'Admin', 'USER_LOGIN', 'Admin logged in to system', 'info', '2026-07-07 07:35:29'),
(83, 68, 'kk', 'USER_LOGIN', 'kk logged in to system', 'info', '2026-07-07 07:43:38'),
(84, 67, 'dardarwinnhtet', 'BLOOD_REQUEST_CREATED', 'New blood request REQ20260707141745 was submitted by patient.', 'INFO', '2026-07-07 07:47:45'),
(85, 67, 'dardarwinnhtet', 'USER_LOGIN', 'dardarwinnhtet logged in to system', 'info', '2026-07-07 09:20:53'),
(86, 69, 'dardarwinnhtet', 'USER_LOGIN', 'dardarwinnhtet logged in to system', 'info', '2026-07-07 09:29:36'),
(87, 69, 'dardarwinnhtet', 'BLOOD_REQUEST_CREATED', 'Blood request REQ20260707161950 created', 'INFO', '2026-07-07 09:49:50'),
(88, 70, 'kk', 'USER_LOGIN', 'kk logged in to system', 'info', '2026-07-07 09:51:07'),
(89, 57, 'Admin', 'USER_LOGIN', 'Admin logged in to system', 'info', '2026-07-07 10:10:22'),
(90, 70, 'kk', 'USER_LOGIN', 'kk logged in to system', 'info', '2026-07-07 10:14:43'),
(91, 57, 'Admin', 'USER_LOGIN', 'Admin logged in to system', 'info', '2026-07-07 10:28:37'),
(92, 69, 'dardarwinnhtet1', 'USER_LOGIN', 'dardarwinnhtet1 logged in to system', 'info', '2026-07-07 10:32:43'),
(93, 70, 'kkkkkkkkkkkk', 'USER_LOGIN', 'kkkkkkkkkkkk logged in to system', 'info', '2026-07-07 10:33:21'),
(94, 57, 'Admin', 'USER_LOGIN', 'Admin logged in to system', 'info', '2026-07-07 10:36:29'),
(95, 70, 'kkkkkkkkkkkk', 'USER_LOGIN', 'kkkkkkkkkkkk logged in to system', 'info', '2026-07-07 10:40:51'),
(96, 69, 'dardarwinnhtet1', 'USER_LOGIN', 'dardarwinnhtet1 logged in to system', 'info', '2026-07-07 10:42:10'),
(97, 69, 'dardarwinnhtet1', 'BLOOD_REQUEST_CREATED', 'Blood request REQ20260707171227 created', 'INFO', '2026-07-07 10:42:27'),
(98, 69, 'dardarwinnhtet1', 'BLOOD_REQUEST_CREATED', 'Blood request REQ20260707171315 created', 'INFO', '2026-07-07 10:43:15'),
(99, 69, 'dardarwinnhtet1', 'BLOOD_REQUEST_CREATED', 'Blood request REQ20260707171453 created', 'INFO', '2026-07-07 10:44:53'),
(100, 69, 'dardarwinnhtet1', 'BLOOD_REQUEST_CREATED', 'Blood request REQ20260707171517 created', 'INFO', '2026-07-07 10:45:17'),
(101, 70, 'kay', 'USER_LOGIN', 'kay logged in to system', 'info', '2026-07-07 10:59:12'),
(102, 69, 'dardarwinnhtet1', 'USER_LOGIN', 'dardarwinnhtet1 logged in to system', 'info', '2026-07-07 11:00:03'),
(103, 57, 'Admin', 'USER_LOGIN', 'Admin logged in to system', 'info', '2026-07-07 11:06:59'),
(104, 57, 'Admin', 'USER_LOGIN', 'Admin logged in to system', 'info', '2026-07-07 13:55:32'),
(105, 70, 'kay', 'USER_LOGIN', 'kay logged in to system', 'info', '2026-07-07 14:04:06'),
(106, 69, 'dardarwinnhtet1', 'USER_LOGIN', 'dardarwinnhtet1 logged in to system', 'info', '2026-07-07 14:07:35'),
(107, 70, 'kay', 'USER_LOGIN', 'kay logged in to system', 'info', '2026-07-07 14:25:42'),
(108, 57, 'Admin', 'USER_LOGIN', 'Admin logged in to system', 'info', '2026-07-07 15:23:09'),
(109, 57, 'Admin', 'USER_LOGIN', 'Admin logged in to system', 'info', '2026-07-07 17:38:17'),
(110, 57, 'Admin', 'USER_LOGIN', 'Admin logged in to system', 'info', '2026-07-07 18:03:19'),
(111, 69, 'dardarwinnhtet1', 'USER_LOGIN', 'dardarwinnhtet1 logged in to system', 'info', '2026-07-07 18:10:36'),
(112, 69, 'dardarwinnhtet1', 'BLOOD_REQUEST_CREATED', 'Blood request REQ20260708004052 created', 'INFO', '2026-07-07 18:10:52'),
(113, 57, 'Admin', 'USER_LOGIN', 'Admin logged in to system', 'info', '2026-07-07 18:40:54'),
(114, 57, 'Admin', 'USER_LOGIN', 'Admin logged in to system', 'info', '2026-07-08 02:40:28'),
(115, 70, 'kay', 'USER_LOGIN', 'kay logged in to system', 'info', '2026-07-08 02:47:11'),
(116, 70, 'kay', 'USER_LOGIN', 'kay logged in to system', 'info', '2026-07-08 02:47:47'),
(117, 70, 'kay', 'USER_LOGIN', 'kay logged in to system', 'info', '2026-07-08 02:48:32'),
(118, 70, 'kay', 'USER_LOGIN', 'kay logged in to system', 'info', '2026-07-08 02:49:11'),
(119, 70, 'kay', 'USER_LOGIN', 'kay logged in to system', 'info', '2026-07-08 02:58:38'),
(120, 70, 'kay', 'USER_LOGIN', 'kay logged in to system', 'info', '2026-07-08 03:02:10'),
(121, 70, 'kay', 'USER_LOGIN', 'kay logged in to system', 'info', '2026-07-08 03:02:36'),
(122, 70, 'kay', 'USER_LOGIN', 'kay logged in to system', 'info', '2026-07-08 03:03:17'),
(123, 70, 'kay', 'USER_LOGIN', 'kay logged in to system', 'info', '2026-07-08 03:10:42'),
(124, 70, 'kay', 'USER_LOGIN', 'kay logged in to system', 'info', '2026-07-08 03:14:28'),
(125, 70, 'kay', 'USER_LOGIN', 'kay logged in to system', 'info', '2026-07-08 03:20:28'),
(126, 70, 'kay', 'USER_LOGIN', 'kay logged in to system', 'info', '2026-07-08 03:21:22'),
(127, 70, 'kay', 'USER_LOGIN', 'kay logged in to system', 'info', '2026-07-08 03:27:24'),
(128, 72, 'mm', 'USER_LOGIN', 'mm logged in to system', 'info', '2026-07-08 03:40:13'),
(129, 72, 'mm', 'BLOOD_REQUEST_CREATED', 'Blood request REQ20260708101033 created', 'INFO', '2026-07-08 03:40:33'),
(130, 57, 'Admin', 'USER_LOGIN', 'Admin logged in to system', 'info', '2026-07-08 03:40:57'),
(131, 71, 'mm', 'USER_LOGIN', 'mm logged in to system', 'info', '2026-07-08 03:42:19'),
(132, 72, 'mm', 'USER_LOGIN', 'mm logged in to system', 'info', '2026-07-08 03:46:24'),
(133, 71, 'mm', 'USER_LOGIN', 'mm logged in to system', 'info', '2026-07-08 03:53:02'),
(134, 57, 'Admin', 'USER_LOGIN', 'Admin logged in to system', 'info', '2026-07-08 04:01:56'),
(135, 72, 'mm', 'USER_LOGIN', 'mm logged in to system', 'info', '2026-07-08 04:02:26'),
(136, 57, 'Admin', 'USER_LOGIN', 'Admin logged in to system', 'info', '2026-07-08 04:02:51'),
(137, 72, 'mm', 'USER_LOGIN', 'mm logged in to system', 'info', '2026-07-08 04:04:53'),
(138, 72, 'mm', 'USER_LOGIN', 'mm logged in to system', 'info', '2026-07-08 04:05:30'),
(139, 57, 'Admin', 'USER_LOGIN', 'Admin logged in to system', 'info', '2026-07-08 04:06:06'),
(140, 70, 'kay', 'USER_LOGIN', 'kay logged in to system', 'info', '2026-07-08 04:34:31'),
(141, 70, 'kay', 'USER_LOGIN', 'kay logged in to system', 'info', '2026-07-08 04:44:31'),
(142, 70, 'kay', 'USER_LOGIN', 'kay logged in to system', 'info', '2026-07-08 04:45:53'),
(143, 70, 'kay', 'USER_LOGIN', 'kay logged in to system', 'info', '2026-07-08 04:46:47'),
(144, 72, 'mm', 'USER_LOGIN', 'mm logged in to system', 'info', '2026-07-08 04:50:33'),
(145, 72, 'mm', 'USER_LOGIN', 'mm logged in to system', 'info', '2026-07-08 04:52:05'),
(146, 70, 'kay', 'USER_LOGIN', 'kay logged in to system', 'info', '2026-07-08 05:00:22'),
(147, 72, 'mm', 'USER_LOGIN', 'mm logged in to system', 'info', '2026-07-08 05:00:46'),
(148, 72, 'mm', 'USER_LOGIN', 'mm logged in to system', 'info', '2026-07-08 05:34:13'),
(149, 72, 'mm', 'USER_LOGIN', 'mm logged in to system', 'info', '2026-07-08 05:43:17'),
(150, 72, 'may', 'BLOOD_REQUEST_CREATED', 'Blood request REQ20260708132527 created', 'INFO', '2026-07-08 06:55:27'),
(151, 73, 'judy', 'USER_LOGIN', 'judy logged in to system', 'info', '2026-07-08 06:57:07'),
(152, 74, 'akarilay', 'USER_LOGIN', 'akarilay logged in to system', 'info', '2026-07-08 07:11:54'),
(153, 74, 'akarilay', 'BLOOD_REQUEST_CREATED', 'Blood request REQ20260708134218 created', 'INFO', '2026-07-08 07:12:19'),
(154, 75, 'hsumyatakari', 'USER_LOGIN', 'hsumyatakari logged in to system', 'info', '2026-07-08 07:13:45'),
(155, 75, 'hsumyatakari', 'USER_LOGIN', 'hsumyatakari logged in to system', 'info', '2026-07-08 07:17:14'),
(156, 74, 'akarilay', 'BLOOD_REQUEST_CREATED', 'Blood request REQ20260708134812 created', 'INFO', '2026-07-08 07:18:12'),
(157, 74, 'akarilay', 'BLOOD_REQUEST_CREATED', 'Blood request REQ20260708135434 created', 'INFO', '2026-07-08 07:24:34'),
(158, 74, 'akarilay', 'BLOOD_REQUEST_CREATED', 'Blood request REQ20260708140129 created', 'INFO', '2026-07-08 07:31:29'),
(159, 74, 'akarilay', 'BLOOD_REQUEST_CREATED', 'Blood request REQ20260708142435 created', 'INFO', '2026-07-08 07:54:35'),
(160, 74, 'akarilay', 'BLOOD_REQUEST_CREATED', 'Blood request REQ20260708142827 created', 'INFO', '2026-07-08 07:58:27'),
(161, 74, 'akarilay', 'BLOOD_REQUEST_CREATED', 'Blood request REQ20260708152349 created', 'INFO', '2026-07-08 08:53:49'),
(162, 57, 'Admin', 'USER_LOGIN', 'Admin logged in to system', 'info', '2026-07-08 09:25:47'),
(163, 74, 'akarilay', 'BLOOD_REQUEST_CREATED', 'Blood request REQ20260708162617 created', 'INFO', '2026-07-08 09:56:17'),
(164, 74, 'akarilay', 'BLOOD_REQUEST_CREATED', 'Blood request REQ20260708162654 created', 'INFO', '2026-07-08 09:56:54'),
(165, 74, 'akarilay', 'BLOOD_REQUEST_CREATED', 'Blood request REQ20260708163118 created', 'INFO', '2026-07-08 10:01:18'),
(166, 74, 'akarilay', 'BLOOD_REQUEST_CREATED', 'Blood request REQ20260708163841 created', 'INFO', '2026-07-08 10:08:41'),
(167, 57, 'Admin', 'USER_LOGIN', 'Admin logged in to system', 'info', '2026-07-08 10:12:48'),
(168, 57, 'Admin', 'USER_LOGIN', 'Admin logged in to system', 'info', '2026-07-08 10:45:33'),
(169, 57, 'Admin', 'USER_LOGIN', 'Admin logged in to system', 'info', '2026-07-08 15:37:22'),
(170, 74, 'akarilay', 'USER_LOGIN', 'akarilay logged in to system', 'info', '2026-07-08 16:02:53'),
(171, 77, 'kk', 'USER_LOGIN', 'kk logged in to system', 'info', '2026-07-08 16:42:02'),
(172, 77, 'kk', 'BLOOD_REQUEST_CREATED', 'Blood request REQ20260708231304 created', 'INFO', '2026-07-08 16:43:04'),
(173, 78, 'dd', 'USER_LOGIN', 'dd logged in to system', 'info', '2026-07-08 16:45:19'),
(174, 77, 'kk', 'BLOOD_REQUEST_CREATED', 'Blood request REQ20260708232910 created', 'INFO', '2026-07-08 16:59:10'),
(175, 77, 'kay', 'BLOOD_REQUEST_CREATED', 'Blood request REQ20260708234301 created', 'INFO', '2026-07-08 17:13:01'),
(176, 77, 'kayy', 'BLOOD_REQUEST_CREATED', 'Blood request REQ20260709002452 created', 'INFO', '2026-07-08 17:54:52'),
(177, 57, 'Admin', 'USER_LOGIN', 'Admin logged in to system', 'info', '2026-07-09 02:44:01'),
(178, 74, 'akarilay', 'USER_LOGIN', 'akarilay logged in to system', 'info', '2026-07-09 02:45:25'),
(179, 79, 'nick', 'USER_LOGIN', 'nick logged in to system', 'info', '2026-07-09 02:47:52'),
(180, 74, 'akarilay', 'BLOOD_REQUEST_CREATED', 'Blood request REQ20260709091944 created', 'INFO', '2026-07-09 02:49:44'),
(181, 74, 'akarilay', 'BLOOD_REQUEST_CREATED', 'Blood request REQ20260709092426 created', 'INFO', '2026-07-09 02:54:26'),
(182, 74, 'akarilay', 'BLOOD_REQUEST_CREATED', 'Blood request REQ20260709092447 created', 'INFO', '2026-07-09 02:54:47'),
(183, 78, 'darr', 'USER_LOGIN', 'darr logged in to system', 'info', '2026-07-09 02:57:39'),
(184, 74, 'akarilay', 'BLOOD_REQUEST_CREATED', 'Blood request REQ20260709092928 created', 'INFO', '2026-07-09 02:59:28'),
(185, 74, 'akarilay', 'BLOOD_REQUEST_CREATED', 'Blood request REQ20260709093131 created', 'INFO', '2026-07-09 03:01:31'),
(186, 74, 'akarilay', 'BLOOD_REQUEST_CREATED', 'Blood request REQ20260709093611 created', 'INFO', '2026-07-09 03:06:11'),
(187, 74, 'akarilay', 'BLOOD_REQUEST_CREATED', 'Blood request REQ20260709095641 created', 'INFO', '2026-07-09 03:26:41'),
(188, 74, 'akarilay', 'BLOOD_REQUEST_CREATED', 'Blood request REQ20260709095919 created', 'INFO', '2026-07-09 03:29:19'),
(189, 78, 'darr', 'USER_LOGIN', 'darr logged in to system', 'info', '2026-07-09 03:51:19'),
(190, 57, 'Admin', 'USER_LOGIN', 'Admin logged in to system', 'info', '2026-07-09 03:51:49'),
(191, 78, 'darr', 'USER_LOGIN', 'darr logged in to system', 'info', '2026-07-09 03:52:12'),
(192, 57, 'Admin', 'USER_LOGIN', 'Admin logged in to system', 'info', '2026-07-09 03:53:41'),
(193, 78, 'darr', 'USER_LOGIN', 'darr logged in to system', 'info', '2026-07-09 03:54:28'),
(194, 73, 'judy', 'USER_LOGIN', 'judy logged in to system', 'info', '2026-07-09 03:56:27'),
(195, 78, 'darr', 'USER_LOGIN', 'darr logged in to system', 'info', '2026-07-09 03:56:56'),
(196, 73, 'judy', 'USER_LOGIN', 'judy logged in to system', 'info', '2026-07-09 03:57:18'),
(197, 78, 'darr', 'USER_LOGIN', 'darr logged in to system', 'info', '2026-07-09 03:58:15'),
(198, 57, 'Admin', 'USER_LOGIN', 'Admin logged in to system', 'info', '2026-07-09 03:58:47'),
(199, 78, 'darr', 'USER_LOGIN', 'darr logged in to system', 'info', '2026-07-09 03:59:09'),
(200, 57, 'Admin', 'USER_LOGIN', 'Admin logged in to system', 'info', '2026-07-09 04:05:42'),
(201, 74, 'akarilay', 'BLOOD_REQUEST_CREATED', 'Blood request REQ20260709104411 created', 'INFO', '2026-07-09 04:14:11'),
(202, 74, 'akarilay', 'BLOOD_REQUEST_CREATED', 'Blood request REQ20260709104517 created', 'INFO', '2026-07-09 04:15:17'),
(203, 73, 'judy', 'USER_LOGIN', 'judy logged in to system', 'info', '2026-07-09 04:34:55'),
(204, 74, 'akarilay', 'BLOOD_REQUEST_CREATED', 'Blood request REQ20260709110842 created', 'INFO', '2026-07-09 04:38:42'),
(205, 80, 'kay', 'USER_LOGIN', 'kay logged in to system', 'info', '2026-07-09 04:42:10'),
(206, 80, 'kay', 'USER_LOGIN', 'kay logged in to system', 'info', '2026-07-09 04:46:38'),
(207, 81, 'aliceko', 'USER_LOGIN', 'aliceko logged in to system', 'info', '2026-07-09 05:03:09'),
(208, 74, 'akarilay', 'BLOOD_REQUEST_CREATED', 'Blood request REQ20260709113335 created', 'INFO', '2026-07-09 05:03:35'),
(209, 74, 'akarilay', 'BLOOD_REQUEST_CREATED', 'Blood request REQ20260709120531 created', 'INFO', '2026-07-09 05:35:31'),
(210, 57, 'Admin', 'USER_LOGIN', 'Admin logged in to system', 'info', '2026-07-09 06:51:43'),
(211, 79, 'nick', 'USER_LOGIN', 'nick logged in to system', 'info', '2026-07-09 06:52:32'),
(212, 81, 'aliceko', 'USER_LOGIN', 'aliceko logged in to system', 'info', '2026-07-09 07:05:25'),
(213, 82, 'judy', 'USER_LOGIN', 'judy logged in to system', 'info', '2026-07-09 07:07:12'),
(214, 82, 'judy', 'BLOOD_REQUEST_CREATED', 'Blood request REQ20260709133758 created', 'INFO', '2026-07-09 07:07:58'),
(215, 82, 'judy', 'BLOOD_REQUEST_CREATED', 'Blood request REQ20260709133950 created', 'INFO', '2026-07-09 07:09:50'),
(216, 82, 'judy', 'BLOOD_REQUEST_CREATED', 'Blood request REQ20260709134157 created', 'INFO', '2026-07-09 07:11:57'),
(217, 75, 'hsumyatakari', 'USER_LOGIN', 'hsumyatakari logged in to system', 'info', '2026-07-09 07:13:31'),
(218, 79, 'nick', 'USER_LOGIN', 'nick logged in to system', 'info', '2026-07-09 07:22:11'),
(219, 83, 'nicky', 'USER_LOGIN', 'nicky logged in to system', 'info', '2026-07-09 07:24:28'),
(220, 82, 'judyy', 'BLOOD_REQUEST_CREATED', 'Blood request REQ20260709135505 created', 'INFO', '2026-07-09 07:25:05'),
(221, 82, 'judyy', 'BLOOD_REQUEST_CREATED', 'Blood request REQ20260709141748 created', 'INFO', '2026-07-09 07:47:48'),
(222, 86, 'nickyy', 'USER_LOGIN', 'nickyy logged in to system', 'info', '2026-07-09 07:49:44'),
(223, 79, 'nick', 'USER_LOGIN', 'nick logged in to system', 'info', '2026-07-09 07:55:10'),
(224, 86, 'nickyy', 'USER_LOGIN', 'nickyy logged in to system', 'info', '2026-07-09 07:56:07'),
(225, 83, 'nicky', 'USER_LOGIN', 'nicky logged in to system', 'info', '2026-07-09 07:56:44'),
(226, 79, 'nick', 'USER_LOGIN', 'nick logged in to system', 'info', '2026-07-09 07:57:22'),
(227, 79, 'nick', 'USER_LOGIN', 'nick logged in to system', 'info', '2026-07-09 07:59:13'),
(228, 79, 'nick', 'BLOOD_REQUEST_CREATED', 'Blood request REQ20260709143003 created', 'INFO', '2026-07-09 08:00:03'),
(229, 87, 'dar', 'USER_LOGIN', 'dar logged in to system', 'info', '2026-07-09 08:02:06'),
(230, 79, 'nick', 'BLOOD_REQUEST_CREATED', 'Blood request REQ20260709143249 created', 'INFO', '2026-07-09 08:02:49'),
(231, 79, 'nick', 'BLOOD_REQUEST_CREATED', 'Blood request REQ20260709144920 created', 'INFO', '2026-07-09 08:19:20'),
(232, 79, 'nick', 'BLOOD_REQUEST_CREATED', 'Blood request REQ20260709144946 created', 'INFO', '2026-07-09 08:19:46'),
(233, 79, 'nick', 'BLOOD_REQUEST_CREATED', 'Blood request REQ20260709145032 created', 'INFO', '2026-07-09 08:20:32'),
(234, 88, 'dardar', 'USER_LOGIN', 'dardar logged in to system', 'info', '2026-07-09 08:50:34'),
(235, 79, 'nick', 'BLOOD_REQUEST_CREATED', 'Blood request REQ20260709152056 created', 'INFO', '2026-07-09 08:50:56'),
(236, 79, 'nick', 'USER_LOGIN', 'nick logged in to system', 'info', '2026-07-09 09:20:00'),
(237, 83, 'nicky', 'USER_LOGIN', 'nicky logged in to system', 'info', '2026-07-09 09:21:39'),
(238, 89, 'kay', 'USER_LOGIN', 'kay logged in to system', 'info', '2026-07-09 09:22:50'),
(239, 89, 'kay', 'BLOOD_REQUEST_CREATED', 'Blood request REQ20260709155504 created', 'INFO', '2026-07-09 09:25:04'),
(240, 90, 'dardarwinhtet', 'USER_LOGIN', 'dardarwinhtet logged in to system', 'info', '2026-07-09 10:26:01'),
(241, 91, 'bady', 'USER_LOGIN', 'bady logged in to system', 'info', '2026-07-09 11:05:35'),
(242, 89, 'kay kay', 'USER_LOGIN', 'kay kay logged in to system', 'info', '2026-07-09 11:06:20'),
(243, 89, 'kay kay', 'BLOOD_REQUEST_CREATED', 'Blood request REQ20260709173646 created', 'INFO', '2026-07-09 11:06:46'),
(244, 57, 'Admin', 'USER_LOGIN', 'Admin logged in to system', 'info', '2026-07-09 11:17:20'),
(245, 89, 'kay kay', 'USER_LOGIN', 'kay kay logged in to system', 'info', '2026-07-09 11:17:44'),
(246, 57, 'Admin', 'USER_LOGIN', 'Admin logged in to system', 'info', '2026-07-09 11:18:23'),
(247, 57, 'Admin', 'USER_LOGIN', 'Admin logged in to system', 'info', '2026-07-09 14:19:43'),
(248, 57, 'Admin', 'USER_LOGIN', 'Admin logged in to system', 'info', '2026-07-09 15:02:22'),
(249, 57, 'Admin', 'USER_LOGIN', 'Admin logged in to system', 'info', '2026-07-09 15:02:46'),
(250, 57, 'Admin', 'USER_LOGIN', 'Admin logged in to system', 'info', '2026-07-09 15:13:15'),
(251, 91, 'bady', 'USER_LOGIN', 'bady logged in to system', 'info', '2026-07-09 15:30:21'),
(252, 57, 'Admin', 'USER_LOGIN', 'Admin logged in to system', 'info', '2026-07-09 15:55:43'),
(253, 91, 'bady', 'USER_LOGIN', 'bady logged in to system', 'info', '2026-07-09 15:58:39'),
(254, 91, 'bady', 'USER_LOGIN', 'bady logged in to system', 'info', '2026-07-09 15:59:45'),
(255, 91, 'bady', 'USER_LOGIN', 'bady logged in to system', 'info', '2026-07-09 16:00:44'),
(256, 89, 'kay kay', 'USER_LOGIN', 'kay kay logged in to system', 'info', '2026-07-09 16:07:10'),
(257, 57, 'Admin', 'USER_LOGIN', 'Admin logged in to system', 'info', '2026-07-09 16:09:40'),
(258, 89, 'kay kay', 'USER_LOGIN', 'kay kay logged in to system', 'info', '2026-07-09 16:10:19'),
(259, 89, 'kay kay', 'USER_LOGIN', 'kay kay logged in to system', 'info', '2026-07-09 16:13:22'),
(260, 57, 'Admin', 'USER_LOGIN', 'Admin logged in to system', 'info', '2026-07-09 16:14:14'),
(261, 89, 'kay kay', 'USER_LOGIN', 'kay kay logged in to system', 'info', '2026-07-09 16:16:23'),
(262, 91, 'bady', 'USER_LOGIN', 'bady logged in to system', 'info', '2026-07-09 16:24:32'),
(263, 89, 'kay kay', 'USER_LOGIN', 'kay kay logged in to system', 'info', '2026-07-09 16:25:14'),
(264, 57, 'Admin', 'USER_LOGIN', 'Admin logged in to system', 'info', '2026-07-09 16:30:32'),
(265, 91, 'bady', 'USER_LOGIN', 'bady logged in to system', 'info', '2026-07-09 16:31:30'),
(266, 89, 'kay kay', 'USER_LOGIN', 'kay kay logged in to system', 'info', '2026-07-09 16:32:39'),
(267, 91, 'bady', 'USER_LOGIN', 'bady logged in to system', 'info', '2026-07-09 16:50:37'),
(268, 91, 'bady', 'USER_LOGIN', 'bady logged in to system', 'info', '2026-07-09 16:51:12'),
(269, 89, 'kay kay', 'USER_LOGIN', 'kay kay logged in to system', 'info', '2026-07-09 16:52:39'),
(270, 89, 'kay kay', 'USER_LOGIN', 'kay kay logged in to system', 'info', '2026-07-09 16:53:09'),
(271, 89, 'kay kay', 'USER_LOGIN', 'kay kay logged in to system', 'info', '2026-07-09 16:53:53'),
(272, 89, 'kay kay', 'USER_LOGIN', 'kay kay logged in to system', 'info', '2026-07-09 16:59:16'),
(273, 57, 'Admin', 'USER_LOGIN', 'Admin logged in to system', 'info', '2026-07-09 16:59:47'),
(274, 89, 'kay kay', 'USER_LOGIN', 'kay kay logged in to system', 'info', '2026-07-09 17:00:41'),
(275, 89, 'kay', 'BLOOD_REQUEST_CREATED', 'Blood request REQ20260709234822 created', 'INFO', '2026-07-09 17:18:22'),
(276, 92, 'dodo', 'USER_LOGIN', 'dodo logged in to system', 'info', '2026-07-09 17:23:52'),
(277, 89, 'kay', 'BLOOD_REQUEST_CREATED', 'Blood request REQ20260709235422 created', 'INFO', '2026-07-09 17:24:22'),
(278, 57, 'Admin', 'USER_LOGIN', 'Admin logged in to system', 'info', '2026-07-10 02:51:46'),
(279, 89, 'kay kay', 'USER_LOGIN', 'kay kay logged in to system', 'info', '2026-07-10 02:53:28'),
(280, 91, 'bady', 'USER_LOGIN', 'bady logged in to system', 'info', '2026-07-10 02:55:40'),
(281, 92, 'dodo', 'USER_LOGIN', 'dodo logged in to system', 'info', '2026-07-10 02:58:15'),
(282, 91, 'bady', 'USER_LOGIN', 'bady logged in to system', 'info', '2026-07-10 02:58:45'),
(283, 89, 'kay', 'USER_LOGIN', 'kay logged in to system', 'info', '2026-07-10 02:59:28'),
(284, 92, 'dodo', 'USER_LOGIN', 'dodo logged in to system', 'info', '2026-07-10 02:59:49'),
(285, 91, 'bady', 'USER_LOGIN', 'bady logged in to system', 'info', '2026-07-10 03:00:26'),
(286, 92, 'dodo', 'USER_LOGIN', 'dodo logged in to system', 'info', '2026-07-10 03:01:18'),
(287, 82, 'judyy', 'USER_LOGIN', 'judyy logged in to system', 'info', '2026-07-10 03:03:20'),
(288, 89, 'kay', 'USER_LOGIN', 'kay logged in to system', 'info', '2026-07-10 03:04:09'),
(289, 57, 'Admin', 'USER_LOGIN', 'Admin logged in to system', 'info', '2026-07-10 03:10:40'),
(290, 57, 'Admin', 'USER_LOGIN', 'Admin logged in to system', 'info', '2026-07-10 03:29:26'),
(291, 92, 'dodo', 'USER_LOGIN', 'dodo logged in to system', 'info', '2026-07-10 03:30:23'),
(292, 94, 'lina', 'USER_LOGIN', 'lina logged in to system', 'info', '2026-07-10 03:42:44'),
(293, 94, 'linalina', 'BLOOD_REQUEST_CREATED', 'Blood request REQ20260710101340 created', 'INFO', '2026-07-10 03:43:40'),
(294, 95, 'aliceko', 'USER_LOGIN', 'aliceko logged in to system', 'info', '2026-07-10 03:52:42'),
(295, 96, 'kaung', 'USER_LOGIN', 'kaung logged in to system', 'info', '2026-07-10 03:56:57'),
(296, 97, 'kayyyy', 'USER_LOGIN', 'kayyyy logged in to system', 'info', '2026-07-10 03:58:36'),
(297, 97, 'kayyyy', 'BLOOD_REQUEST_CREATED', 'Blood request REQ20260710102903 created', 'INFO', '2026-07-10 03:59:03'),
(298, 97, 'kayyyy', 'BLOOD_REQUEST_CREATED', 'Blood request REQ20260710103243 created', 'INFO', '2026-07-10 04:02:43'),
(299, 97, 'kayyyy', 'BLOOD_REQUEST_CREATED', 'Blood request REQ20260710104234 created', 'INFO', '2026-07-10 04:12:34'),
(300, 97, 'kayyyy', 'BLOOD_REQUEST_CREATED', 'Blood request REQ20260710105301 created', 'INFO', '2026-07-10 04:23:01'),
(301, 98, 'bobo', 'USER_LOGIN', 'bobo logged in to system', 'info', '2026-07-10 04:24:46'),
(302, 97, 'kayyyy', 'BLOOD_REQUEST_CREATED', 'Blood request REQ20260710105641 created', 'INFO', '2026-07-10 04:26:41'),
(303, 99, 'lwinlwin', 'USER_LOGIN', 'lwinlwin logged in to system', 'info', '2026-07-10 04:28:11'),
(304, 100, 'zawzaw', 'USER_LOGIN', 'zawzaw logged in to system', 'info', '2026-07-10 04:37:06'),
(305, 97, 'kayyyy', 'BLOOD_REQUEST_CREATED', 'Blood request REQ20260710110751 created', 'INFO', '2026-07-10 04:37:51'),
(306, 89, 'kay', 'USER_LOGIN', 'kay logged in to system', 'info', '2026-07-10 04:38:20'),
(307, 89, 'kay', 'BLOOD_REQUEST_CREATED', 'Blood request REQ20260710110839 created', 'INFO', '2026-07-10 04:38:39'),
(308, 89, 'kay', 'BLOOD_REQUEST_CREATED', 'Blood request REQ20260710111302 created', 'INFO', '2026-07-10 04:43:02'),
(309, 101, 'myo', 'USER_LOGIN', 'myo logged in to system', 'info', '2026-07-10 04:46:31'),
(310, 89, 'kay', 'BLOOD_REQUEST_CREATED', 'Blood request REQ20260710111824 created', 'INFO', '2026-07-10 04:48:24'),
(311, 89, 'kk', 'BLOOD_REQUEST_CREATED', 'Blood request REQ20260710112354 created', 'INFO', '2026-07-10 04:53:54'),
(312, 89, 'kk', 'BLOOD_REQUEST_CREATED', 'Blood request REQ20260710112507 created', 'INFO', '2026-07-10 04:55:07'),
(313, 102, 'Htet Nandar Winn', 'USER_LOGIN', 'Htet Nandar Winn logged in to system', 'INFO', '2026-07-10 08:09:33'),
(314, 103, 'Htet Htet', 'USER_LOGIN', 'Htet Htet logged in to system', 'INFO', '2026-07-10 08:11:46'),
(315, 103, 'Htet Htet', 'USER_LOGIN', 'Htet Htet logged in to system', 'INFO', '2026-07-10 08:16:23'),
(316, 103, 'Htet Htet', 'USER_LOGIN', 'Htet Htet logged in to system', 'INFO', '2026-07-10 08:16:59'),
(317, 103, 'Htet Htet', 'USER_LOGIN', 'Htet Htet logged in to system', 'INFO', '2026-07-10 08:46:43'),
(318, 104, 'Lina Lina', 'USER_LOGIN', 'Lina Lina logged in to system', 'INFO', '2026-07-10 08:51:45'),
(319, 105, 'Kay Kay', 'USER_LOGIN', 'Kay Kay logged in to system', 'INFO', '2026-07-10 09:02:34'),
(320, 105, 'Kay Kay', 'USER_LOGIN', 'Kay Kay logged in to system', 'INFO', '2026-07-10 09:11:36'),
(321, 106, 'Htet Nandar Winn', 'USER_LOGIN', 'Htet Nandar Winn logged in to system', 'INFO', '2026-07-10 09:12:27'),
(322, 57, 'Admin', 'USER_LOGIN', 'Admin logged in to system', 'info', '2026-07-10 09:13:31'),
(323, 106, 'Htet Nandar Winn', 'USER_LOGIN', 'Htet Nandar Winn logged in to system', 'INFO', '2026-07-10 09:59:06'),
(324, 107, 'Lina Lina', 'USER_LOGIN', 'Lina Lina logged in to system', 'INFO', '2026-07-10 10:09:05'),
(325, 57, 'Admin', 'USER_LOGIN', 'Admin logged in to system', 'info', '2026-07-10 14:26:30'),
(326, 108, 'Htet Nandar Winn', 'USER_LOGIN', 'Htet Nandar Winn logged in to system', 'INFO', '2026-07-10 14:30:17'),
(327, 109, 'Kay Kay', 'USER_LOGIN', 'Kay Kay logged in to system', 'INFO', '2026-07-10 14:31:22'),
(328, 109, 'Kay Kay', 'BLOOD_REQUEST_CREATED', 'Blood request REQ20260710210931 created', 'INFO', '2026-07-10 14:39:31'),
(329, 109, 'Kay Kay', 'BLOOD_REQUEST_CREATED', 'Blood request REQ20260710211236 created', 'INFO', '2026-07-10 14:42:36'),
(330, 110, 'Dar Dar', 'USER_LOGIN', 'Dar Dar logged in to system', 'INFO', '2026-07-10 15:10:54'),
(331, 111, 'Bunny', 'USER_LOGIN', 'Bunny logged in to system', 'INFO', '2026-07-10 15:33:20'),
(332, 109, 'Kay Kay', 'USER_LOGIN', 'Kay Kay logged in to system', 'INFO', '2026-07-10 17:42:14'),
(333, 109, 'Kay Kay', 'BLOOD_REQUEST_CREATED', 'Blood request REQ20260711001235 created', 'INFO', '2026-07-10 17:42:35'),
(334, 109, 'Kay Kay', 'BLOOD_REQUEST_CREATED', 'Blood request REQ20260711001629 created', 'INFO', '2026-07-10 17:46:29'),
(335, 110, 'Dar Dar', 'USER_LOGIN', 'Dar Dar logged in to system', 'INFO', '2026-07-10 18:01:17'),
(336, 112, 'Mayple MP', 'USER_LOGIN', 'Mayple MP logged in to system', 'INFO', '2026-07-10 18:03:31'),
(337, 57, 'Admin', 'USER_LOGIN', 'Admin logged in to system', 'info', '2026-07-11 09:07:30'),
(338, 113, 'Ryou You', 'USER_LOGIN', 'Ryou You logged in to system', 'INFO', '2026-07-11 10:01:25'),
(339, 114, 'Lina Lina', 'USER_LOGIN', 'Lina Lina logged in to system', 'INFO', '2026-07-11 10:02:45'),
(340, 57, 'Admin', 'USER_LOGIN', 'Admin logged in to system', 'info', '2026-07-11 10:03:03'),
(341, 115, 'Lina Lina', 'USER_LOGIN', 'Lina Lina logged in to system', 'info', '2026-07-11 10:21:08'),
(342, 57, 'Admin', 'USER_LOGIN', 'Admin logged in to system', 'info', '2026-07-11 10:22:05'),
(343, 116, 'Mayple MP', 'USER_LOGIN', 'Mayple MP logged in to system', 'INFO', '2026-07-11 10:24:04'),
(344, 116, 'Mayple MP', 'BLOOD_REQUEST_CREATED', 'Blood request REQ20260711165423 created', 'INFO', '2026-07-11 10:24:23'),
(345, 116, 'Mayple MP', 'BLOOD_REQUEST_CREATED', 'Blood request REQ20260711165929 created', 'INFO', '2026-07-11 10:29:29'),
(346, 111, 'Bunny', 'USER_LOGIN', 'Bunny logged in to system', 'INFO', '2026-07-11 11:10:09'),
(347, 117, 'Ryou You', 'USER_LOGIN', 'Ryou You logged in to system', 'INFO', '2026-07-11 11:13:29'),
(348, 119, 'Sakura', 'USER_LOGIN', 'Sakura logged in to system', 'INFO', '2026-07-11 11:22:35'),
(349, 119, 'Sakura', 'BLOOD_REQUEST_CREATED', 'Blood request REQ20260711175535 created', 'INFO', '2026-07-11 11:25:35'),
(350, 119, 'Sakura', 'BLOOD_REQUEST_CREATED', 'Blood request REQ20260711180215 created', 'INFO', '2026-07-11 11:32:15'),
(351, 119, 'Sakura', 'BLOOD_REQUEST_CREATED', 'Blood request REQ20260711180704 created', 'INFO', '2026-07-11 11:37:04'),
(352, 119, 'Sakura', 'BLOOD_REQUEST_CREATED', 'Blood request REQ20260711180812 created', 'INFO', '2026-07-11 11:38:12'),
(353, 119, 'Sakura', 'BLOOD_REQUEST_CREATED', 'Blood request REQ20260711182106 created', 'INFO', '2026-07-11 11:51:06'),
(354, 119, 'Sakura', 'BLOOD_REQUEST_CREATED', 'Blood request REQ20260711182432 created', 'INFO', '2026-07-11 11:54:32'),
(355, 121, 'Ryou You', 'USER_LOGIN', 'Ryou You logged in to system', 'INFO', '2026-07-11 11:59:05'),
(356, 119, 'Sakura', 'BLOOD_REQUEST_CREATED', 'Blood request REQ20260711183013 created', 'INFO', '2026-07-11 12:00:13'),
(357, 122, 'Dar Dar', 'USER_LOGIN', 'Dar Dar logged in to system', 'INFO', '2026-07-11 15:14:08'),
(358, 123, 'Kay Kay', 'USER_LOGIN', 'Kay Kay logged in to system', 'INFO', '2026-07-11 15:14:51'),
(359, 123, 'Kay Kay', 'BLOOD_REQUEST_CREATED', 'Blood request REQ20260711214620 created', 'INFO', '2026-07-11 15:16:20'),
(360, 123, 'Kay Kay', 'BLOOD_REQUEST_CREATED', 'Blood request REQ20260711214829 created', 'INFO', '2026-07-11 15:18:29'),
(361, 126, 'Dar Dar', 'LOGIN', 'User logged in', 'INFO', '2026-07-11 16:39:46'),
(362, 127, 'bunny', 'LOGIN', 'User logged in', 'INFO', '2026-07-11 16:42:22'),
(363, 128, 'Mayple MP', 'LOGIN', 'User logged in', 'INFO', '2026-07-11 16:44:08'),
(364, 128, 'Mayple', 'BLOOD_REQUEST_CREATED', 'Blood request REQ20260711231600 created', 'INFO', '2026-07-11 16:46:00'),
(365, 128, NULL, 'REQUEST_CANCELLED', 'Patient cancelled blood request REQ20260711231600 (ID: 172)', 'INFO', '2026-07-11 16:48:25'),
(366, 128, 'Kay Kay', 'BLOOD_REQUEST_CREATED', 'Blood request REQ20260711231920 created', 'INFO', '2026-07-11 16:49:20'),
(367, 126, 'Dar Dar', 'REQUEST_ACCEPTED', 'Donor accepted blood request REQ20260711231920 (ID: 173)', 'INFO', '2026-07-11 16:50:30'),
(368, 57, 'Admin', 'LOGIN', 'User logged in', 'INFO', '2026-07-12 11:17:14'),
(369, 129, 'Dar Dar', 'USER_LOGIN', 'Dar Dar logged in to system', 'INFO', '2026-07-12 11:19:47'),
(370, 130, 'Kay Kay', 'USER_LOGIN', 'Kay Kay logged in to system', 'INFO', '2026-07-12 11:20:13'),
(371, 129, 'Dar Dar', 'USER_LOGIN', 'Dar Dar logged in to system', 'INFO', '2026-07-12 11:20:55'),
(372, 57, 'Admin', 'LOGIN', 'User logged in', 'INFO', '2026-07-12 14:08:45'),
(373, 131, 'Dar Dar', 'USER_LOGIN', 'Dar Dar logged in to system', 'INFO', '2026-07-12 14:11:48'),
(374, 132, 'Kay Kay', 'USER_LOGIN', 'Kay Kay logged in to system', 'INFO', '2026-07-12 14:12:35'),
(375, 131, 'Dar Dar', 'PROFILE_UPDATED', 'Donor updated their profile', 'INFO', '2026-07-12 14:13:50'),
(376, 132, 'Kay Kay', 'BLOOD_REQUEST_CREATED', 'Blood request REQ20260712205514 created', 'INFO', '2026-07-12 14:25:14'),
(377, 132, NULL, 'REQUEST_CANCELLED', 'Patient cancelled blood request REQ20260712205514 (ID: 174)', 'INFO', '2026-07-12 14:27:44'),
(378, 132, 'Kay Kay', 'BLOOD_REQUEST_CREATED', 'Blood request REQ20260712205852 created', 'INFO', '2026-07-12 14:28:52'),
(379, 131, 'Dar Dar', 'REQUEST_ACCEPTED', 'Donor accepted blood request REQ20260712205852 (ID: 175)', 'INFO', '2026-07-12 14:29:52'),
(380, 133, 'kay', 'LOGIN', 'User logged in', 'INFO', '2026-07-12 16:00:44'),
(381, 134, 'Bunny', 'LOGIN', 'User logged in', 'INFO', '2026-07-12 16:04:40'),
(382, 57, 'Admin', 'LOGIN', 'User logged in', 'INFO', '2026-07-13 02:54:10'),
(383, 135, 'Bunny', 'USER_LOGIN', 'Bunny logged in to system', 'INFO', '2026-07-13 02:55:38'),
(384, 136, 'Kay Kay', 'USER_LOGIN', 'Kay Kay logged in to system', 'INFO', '2026-07-13 02:56:50'),
(385, 136, 'Kay Kay', 'BLOOD_REQUEST_CREATED', 'Blood request REQ20260713092756 created', 'INFO', '2026-07-13 02:57:56'),
(386, 136, NULL, 'REQUEST_CANCELLED', 'Patient cancelled blood request REQ20260713092756 (ID: 176)', 'INFO', '2026-07-13 02:58:27'),
(387, 136, 'Kay Kay', 'BLOOD_REQUEST_CREATED', 'Blood request REQ20260713092913 created', 'INFO', '2026-07-13 02:59:13'),
(388, 135, 'Bunny', 'REQUEST_ACCEPTED', 'Donor accepted blood request REQ20260713092913 (ID: 177)', 'INFO', '2026-07-13 03:01:15'),
(389, 135, 'Bunny', 'PROFILE_UPDATED', 'Donor updated their profile', 'INFO', '2026-07-13 03:02:15'),
(390, 137, 'Lina Lina', 'LOGIN', 'User logged in', 'INFO', '2026-07-13 03:34:33'),
(391, 137, 'Lina Lina', 'USER_LOGIN', 'Lina Lina logged in to system', 'INFO', '2026-07-13 03:45:56'),
(392, 135, 'Bunny', 'USER_LOGIN', 'Bunny logged in to system', 'INFO', '2026-07-13 03:46:36'),
(393, 136, 'Kay Kay', 'BLOOD_REQUEST_CREATED', 'Blood request REQ20260713101713 created', 'INFO', '2026-07-13 03:47:13'),
(394, 136, NULL, 'REQUEST_CANCELLED', 'Patient cancelled blood request REQ20260713101713 (ID: 178)', 'INFO', '2026-07-13 04:17:01'),
(395, 136, 'Kay Kay', 'BLOOD_REQUEST_CREATED', 'Blood request REQ20260713104715 created', 'INFO', '2026-07-13 04:17:15'),
(396, 136, 'Kay Kay', 'USER_LOGIN', 'Kay Kay logged in to system', 'INFO', '2026-07-13 04:23:05'),
(397, 138, 'Bunny', 'USER_LOGIN', 'Bunny logged in to system', 'INFO', '2026-07-13 04:29:50'),
(398, 139, 'Mayple MP', 'USER_LOGIN', 'Mayple MP logged in to system', 'INFO', '2026-07-13 04:35:58'),
(399, 139, 'Mayple', 'BLOOD_REQUEST_CREATED', 'Blood request REQ20260713110657 created', 'INFO', '2026-07-13 04:36:57'),
(400, 57, 'Admin', 'LOGIN', 'User logged in', 'INFO', '2026-07-13 05:04:26'),
(401, 140, 'Ryou You', 'USER_LOGIN', 'Ryou You logged in to system', 'INFO', '2026-07-13 05:05:22'),
(402, 140, 'Ryou You', 'REQUEST_ACCEPTED', 'Donor accepted blood request REQ20260713110657 (ID: 180)', 'INFO', '2026-07-13 05:06:19'),
(403, 138, 'Bunny', 'REQUEST_ACCEPTED', 'Donor accepted blood request REQ20260710112507 (ID: 156)', 'INFO', '2026-07-13 05:21:44'),
(404, 136, 'Kay Kay', 'USER_LOGIN', 'Kay Kay logged in to system', 'INFO', '2026-07-13 05:26:44'),
(405, 136, NULL, 'REQUEST_CANCELLED', 'Patient cancelled blood request REQ20260713104715 (ID: 179)', 'INFO', '2026-07-13 05:26:54'),
(406, 141, 'Htet Nandar Winn', 'USER_LOGIN', 'Htet Nandar Winn logged in to system', 'INFO', '2026-07-13 05:27:32'),
(407, 136, 'Kay Kay', 'BLOOD_REQUEST_CREATED', 'Blood request REQ20260713115754 created', 'INFO', '2026-07-13 05:27:54'),
(408, 136, NULL, 'REQUEST_CANCELLED', 'Patient cancelled blood request REQ20260713115754 (ID: 181)', 'INFO', '2026-07-13 05:28:43'),
(409, 136, 'Kay Kay', 'BLOOD_REQUEST_CREATED', 'Blood request REQ20260713120700 created', 'INFO', '2026-07-13 05:37:00'),
(410, 142, 'Sakura', 'USER_LOGIN', 'Sakura logged in to system', 'INFO', '2026-07-13 05:37:36'),
(411, 136, 'Kay Kay', 'BLOOD_REQUEST_CREATED', 'Blood request REQ20260713121117 created', 'INFO', '2026-07-13 05:41:17'),
(412, 143, 'Lina Lina', 'USER_LOGIN', 'Lina Lina logged in to system', 'INFO', '2026-07-13 05:45:00'),
(413, 136, 'Kay Kay', 'BLOOD_REQUEST_CREATED', 'Blood request REQ20260713121901 created', 'INFO', '2026-07-13 05:49:01'),
(414, 136, 'Kay Kay', 'USER_LOGIN', 'Kay Kay logged in to system', 'INFO', '2026-07-13 06:58:30'),
(415, 57, 'Admin', 'LOGIN', 'User logged in', 'INFO', '2026-07-13 07:12:37'),
(416, 57, 'Admin', 'LOGIN', 'User logged in', 'INFO', '2026-07-13 07:31:13'),
(417, 144, 'Lina Lina', 'USER_LOGIN', 'Lina Lina logged in to system', 'INFO', '2026-07-13 07:31:47'),
(418, 136, 'Kay', 'BLOOD_REQUEST_CREATED', 'Blood request REQ20260713140257 created', 'INFO', '2026-07-13 07:32:57'),
(419, 136, NULL, 'REQUEST_CANCELLED', 'Patient cancelled blood request REQ20260713140257 (ID: 185)', 'INFO', '2026-07-13 07:33:50'),
(420, 136, 'Kay', 'BLOOD_REQUEST_CREATED', 'Blood request REQ20260713140425 created', 'INFO', '2026-07-13 07:34:25'),
(421, 136, 'Kay', 'BLOOD_REQUEST_CREATED', 'Blood request REQ20260713140522 created', 'INFO', '2026-07-13 07:35:22'),
(422, 136, 'Kay', 'BLOOD_REQUEST_CREATED', 'Blood request REQ20260713140643 created', 'INFO', '2026-07-13 07:36:43'),
(423, 144, 'Lina Lina', 'REQUEST_ACCEPTED', 'Donor accepted blood request REQ20260713140643 (ID: 188)', 'INFO', '2026-07-13 07:38:20'),
(424, 145, 'Dar Dar', 'USER_LOGIN', 'Dar Dar logged in to system', 'INFO', '2026-07-13 08:06:36'),
(425, 136, 'Kay', 'BLOOD_REQUEST_CREATED', 'Blood request REQ20260713143744 created', 'INFO', '2026-07-13 08:07:44'),
(426, 145, 'Dar Dar', 'REQUEST_ACCEPTED', 'Donor accepted blood request REQ20260713143744 (ID: 189)', 'INFO', '2026-07-13 08:08:59'),
(427, 145, 'Dar Dar', 'PROFILE_UPDATED', 'Donor updated their profile', 'INFO', '2026-07-13 08:16:27'),
(428, 136, 'Kay Kay', 'USER_LOGIN', 'Kay Kay logged in to system', 'INFO', '2026-07-13 08:29:56'),
(429, 146, 'Htet Htet', 'USER_LOGIN', 'Htet Htet logged in to system', 'INFO', '2026-07-13 08:35:40'),
(430, 146, 'Htet Htet', 'PROFILE_UPDATED', 'Donor updated their profile', 'INFO', '2026-07-13 08:37:52'),
(431, 136, 'Kay Kay', 'USER_LOGIN', 'Kay Kay logged in to system', 'INFO', '2026-07-13 17:30:10'),
(432, 136, 'Kay', 'BLOOD_REQUEST_CREATED', 'Blood request REQ20260714001451 created', 'INFO', '2026-07-13 17:44:51'),
(433, 136, NULL, 'REQUEST_CANCELLED', 'Patient cancelled blood request REQ20260714001451 (ID: 190)', 'INFO', '2026-07-13 17:56:50'),
(434, 136, 'Kay', 'BLOOD_REQUEST_CREATED', 'Blood request REQ20260714002708 created', 'INFO', '2026-07-13 17:57:08'),
(435, 136, NULL, 'REQUEST_CANCELLED', 'Patient cancelled blood request REQ20260714002708 (ID: 191)', 'INFO', '2026-07-13 17:58:51'),
(436, 136, 'Kay', 'BLOOD_REQUEST_CREATED', 'Blood request REQ20260714002907 created', 'INFO', '2026-07-13 17:59:07'),
(437, 144, 'Lina Lina', 'USER_LOGIN', 'Lina Lina logged in to system', 'INFO', '2026-07-13 18:05:08'),
(438, 57, 'Admin', 'LOGIN', 'User logged in', 'INFO', '2026-07-13 18:12:34'),
(439, 57, 'Admin', 'LOGIN', 'User logged in', 'INFO', '2026-07-14 02:58:14'),
(440, 145, 'Dar Dar', 'USER_LOGIN', 'Dar Dar logged in to system', 'INFO', '2026-07-14 02:59:48'),
(441, 136, 'Kay Kay', 'USER_LOGIN', 'Kay Kay logged in to system', 'INFO', '2026-07-14 03:01:21'),
(442, 147, 'Bunny', 'USER_LOGIN', 'Bunny logged in to system', 'INFO', '2026-07-14 03:48:08'),
(443, 136, NULL, 'REQUEST_CANCELLED', 'Patient cancelled blood request REQ20260714002907 (ID: 192)', 'INFO', '2026-07-14 03:48:25'),
(444, 136, 'Kay Kay', 'BLOOD_REQUEST_CREATED', 'Blood request REQ20260714101839 created', 'INFO', '2026-07-14 03:48:39'),
(445, 136, NULL, 'REQUEST_CANCELLED', 'Patient cancelled blood request REQ20260714101839 (ID: 193)', 'INFO', '2026-07-14 03:57:11'),
(446, 136, 'Kay Kay', 'BLOOD_REQUEST_CREATED', 'Blood request REQ20260714102732 created', 'INFO', '2026-07-14 03:57:32'),
(447, 136, NULL, 'REQUEST_CANCELLED', 'Patient cancelled blood request REQ20260714102732 (ID: 194)', 'INFO', '2026-07-14 04:16:19'),
(448, 136, 'Kay Kay', 'BLOOD_REQUEST_CREATED', 'Blood request REQ20260714104912 created', 'INFO', '2026-07-14 04:19:12'),
(449, 147, 'Bunny', 'REQUEST_ACCEPTED', 'Donor accepted blood request REQ20260714104912 (ID: 195)', 'INFO', '2026-07-14 04:38:23'),
(450, 148, 'Dar Dar', 'USER_LOGIN', 'Dar Dar logged in to system', 'INFO', '2026-07-14 04:53:40'),
(451, 136, 'Kay Kay', 'BLOOD_REQUEST_CREATED', 'Blood request REQ20260714112406 created', 'INFO', '2026-07-14 04:54:06'),
(452, 148, 'Dar Dar', 'REQUEST_ACCEPTED', 'Donor accepted blood request REQ20260714112406 (ID: 196)', 'INFO', '2026-07-14 04:54:54'),
(453, 57, 'Admin', 'LOGIN', 'User logged in', 'INFO', '2026-07-14 07:26:59'),
(454, 57, 'Admin', 'LOGIN', 'User logged in', 'INFO', '2026-07-14 09:42:41'),
(455, 57, 'Admin', 'LOGIN', 'User logged in', 'INFO', '2026-07-14 14:11:13'),
(456, 148, 'Dar Dar', 'USER_LOGIN', 'Dar Dar logged in to system', 'INFO', '2026-07-14 14:18:55'),
(457, 149, 'Lina Lina', 'USER_LOGIN', 'Lina Lina logged in to system', 'INFO', '2026-07-14 15:02:36'),
(458, 150, 'Mayple MP', 'USER_LOGIN', 'Mayple MP logged in to system', 'INFO', '2026-07-14 15:06:05'),
(459, 150, 'Mayple', 'BLOOD_REQUEST_CREATED', 'Blood request REQ20260714213736 created', 'INFO', '2026-07-14 15:07:36'),
(460, 150, NULL, 'REQUEST_CANCELLED', 'Patient cancelled blood request REQ20260714213736 (ID: 197)', 'INFO', '2026-07-14 15:10:05'),
(461, 150, 'Mayple', 'BLOOD_REQUEST_CREATED', 'Blood request REQ20260714214118 created', 'INFO', '2026-07-14 15:11:18'),
(462, 149, 'Lina Lina', 'REQUEST_ACCEPTED', 'Donor accepted blood request REQ20260714214118 (ID: 198)', 'INFO', '2026-07-14 15:13:04'),
(463, 148, 'Dar Dar', 'USER_LOGIN', 'Dar Dar logged in to system', 'INFO', '2026-07-14 15:16:12'),
(464, 150, 'Mayple', 'BLOOD_REQUEST_CREATED', 'Blood request REQ20260714214746 created', 'INFO', '2026-07-14 15:17:46'),
(465, 151, 'Bunny', 'USER_LOGIN', 'Bunny logged in to system', 'INFO', '2026-07-14 15:18:55'),
(466, 152, 'Ryou You', 'USER_LOGIN', 'Ryou You logged in to system', 'INFO', '2026-07-14 15:19:23'),
(467, 153, 'Dar Dar', 'USER_LOGIN', 'Dar Dar logged in to system', 'INFO', '2026-07-14 15:20:16'),
(468, 153, 'Dar Dar', 'PROFILE_UPDATED', 'Donor updated their profile', 'INFO', '2026-07-14 15:24:30'),
(469, 154, 'Sakura', 'USER_LOGIN', 'Sakura logged in to system', 'INFO', '2026-07-14 15:34:41'),
(470, 154, 'Sakura', 'REQUEST_ACCEPTED', 'Donor accepted blood request REQ20260714214746 (ID: 199)', 'INFO', '2026-07-14 15:35:44'),
(471, 150, 'Mayple', 'BLOOD_REQUEST_CREATED', 'Blood request REQ20260714220717 created', 'INFO', '2026-07-14 15:37:17'),
(472, 152, 'Ryou You', 'USER_LOGIN', 'Ryou You logged in to system', 'INFO', '2026-07-14 15:38:22'),
(473, 152, 'Ryou You', 'REQUEST_ACCEPTED', 'Donor accepted blood request REQ20260714220717 (ID: 200)', 'INFO', '2026-07-14 15:38:29'),
(474, 150, 'Mayple', 'BLOOD_REQUEST_CREATED', 'Blood request REQ20260714222520 created', 'INFO', '2026-07-14 15:55:20'),
(475, 153, 'Dar Dar', 'USER_LOGIN', 'Dar Dar logged in to system', 'INFO', '2026-07-14 15:56:29'),
(476, 153, 'Dar Dar', 'REQUEST_ACCEPTED', 'Donor accepted blood request REQ20260714222520 (ID: 201)', 'INFO', '2026-07-14 16:02:29'),
(477, 155, 'Htet Nandar Winn', 'USER_LOGIN', 'Htet Nandar Winn logged in to system', 'INFO', '2026-07-14 16:28:04'),
(478, 155, 'Htet Nandar Winn', 'PROFILE_UPDATED', 'Donor updated their profile', 'INFO', '2026-07-14 16:33:44'),
(479, 150, 'Mayple', 'BLOOD_REQUEST_CREATED', 'Blood request REQ20260714230659 created', 'INFO', '2026-07-14 16:36:59'),
(480, 150, NULL, 'REQUEST_CANCELLED', 'Patient cancelled blood request REQ20260714230659 (ID: 202)', 'INFO', '2026-07-14 16:37:43'),
(481, 150, 'Mayple', 'BLOOD_REQUEST_CREATED', 'Blood request REQ20260714230800 created', 'INFO', '2026-07-14 16:38:00');
INSERT INTO `activity_logs` (`id`, `user_id`, `user_name`, `action`, `message`, `type`, `created_at`) VALUES
(482, 155, 'Htet Nandar Winn', 'REQUEST_ACCEPTED', 'Donor accepted blood request REQ20260714230800 (ID: 203)', 'INFO', '2026-07-14 16:39:06'),
(483, 155, 'kklovesdaisy', 'PROFILE_UPDATED', 'Donor updated their profile', 'INFO', '2026-07-14 17:01:21'),
(484, 150, 'Mayple', 'BLOOD_REQUEST_CREATED', 'Blood request REQ20260714235418 created', 'INFO', '2026-07-14 17:24:18'),
(485, 57, 'Admin', 'LOGIN', 'User logged in', 'INFO', '2026-07-15 02:54:30'),
(486, 155, 'kklovesdaisy', 'USER_LOGIN', 'kklovesdaisy logged in to system', 'INFO', '2026-07-15 03:06:36'),
(487, 150, 'Mayple MP', 'USER_LOGIN', 'Mayple MP logged in to system', 'INFO', '2026-07-15 03:07:56'),
(488, 150, 'Mayple MP', 'LOGIN', 'User logged in', 'INFO', '2026-07-15 03:12:59'),
(489, 150, NULL, 'REQUEST_CANCELLED', 'Patient cancelled blood request REQ20260714235418 (ID: 204)', 'INFO', '2026-07-15 03:40:36'),
(490, 150, 'May', 'BLOOD_REQUEST_CREATED', 'Blood request REQ20260715101103 created', 'INFO', '2026-07-15 03:41:03'),
(491, 151, 'Bunny', 'USER_LOGIN', 'Bunny logged in to system', 'INFO', '2026-07-15 03:41:44'),
(492, 151, 'Bunny', 'REQUEST_ACCEPTED', 'Donor accepted blood request REQ20260715101103 (ID: 205)', 'INFO', '2026-07-15 03:42:38'),
(493, 57, 'Admin', 'LOGIN', 'User logged in', 'INFO', '2026-07-15 04:41:04'),
(494, 151, 'Bunny', 'PROFILE_UPDATED', 'Donor updated their profile', 'INFO', '2026-07-15 04:44:29'),
(495, 156, 'Dar Dar', 'USER_LOGIN', 'Dar Dar logged in to system', 'INFO', '2026-07-15 04:58:02'),
(496, 157, 'Lina Lina', 'USER_LOGIN', 'Lina Lina logged in to system', 'INFO', '2026-07-15 04:58:28'),
(497, 158, 'Ryou You', 'USER_LOGIN', 'Ryou You logged in to system', 'INFO', '2026-07-15 04:58:49'),
(498, 57, 'Admin', 'LOGIN', 'User logged in', 'INFO', '2026-07-15 10:10:31'),
(499, 155, 'kklovesdaisy', 'USER_LOGIN', 'kklovesdaisy logged in to system', 'INFO', '2026-07-15 10:12:54'),
(500, 57, 'Admin', 'LOGIN', 'User logged in', 'INFO', '2026-07-15 12:36:25'),
(501, 150, 'May', 'USER_LOGIN', 'May logged in to system', 'INFO', '2026-07-15 12:37:07'),
(502, 159, 'Sakura', 'LOGIN', 'User logged in', 'INFO', '2026-07-15 13:04:14'),
(503, 159, 'Sakura', 'DONOR_PROFILE_COMPLETED', 'Donor profile completed (DOB: 2008-07-15, Weight: 60kg)', 'INFO', '2026-07-15 13:04:51'),
(504, 160, 'Ryou You', 'USER_LOGIN', 'Ryou You logged in to system', 'INFO', '2026-07-15 13:22:00'),
(505, 161, 'Lina', 'LOGIN', 'User logged in', 'INFO', '2026-07-15 13:25:03'),
(506, 161, 'Lina', 'DONOR_PROFILE_COMPLETED', 'Donor profile completed (DOB: 2008-07-15, Weight: 60kg)', 'INFO', '2026-07-15 13:25:22'),
(507, 161, 'Lina', 'PROFILE_UPDATED', 'Donor updated their profile', 'INFO', '2026-07-15 13:35:33'),
(508, 57, 'Admin', 'LOGIN', 'User logged in', 'INFO', '2026-07-15 13:36:32'),
(509, 162, 'Kay Kay', 'USER_LOGIN', 'Kay Kay logged in to system', 'INFO', '2026-07-15 13:55:58'),
(510, 162, 'Kay Kay', 'BLOOD_REQUEST_CREATED', 'Blood request REQ20260715202810 created', 'INFO', '2026-07-15 13:58:10'),
(511, 162, NULL, 'REQUEST_CANCELLED', 'Patient cancelled blood request REQ20260715202810 (ID: 206)', 'INFO', '2026-07-15 14:10:35'),
(512, 162, 'Kay Kay', 'BLOOD_REQUEST_CREATED', 'Blood request REQ20260715204235 created', 'INFO', '2026-07-15 14:12:35'),
(513, 162, NULL, 'REQUEST_CANCELLED', 'Patient cancelled blood request REQ20260715204235 (ID: 207)', 'INFO', '2026-07-15 14:13:30'),
(514, 162, 'Kay Kay', 'BLOOD_REQUEST_CREATED', 'Blood request REQ20260715204529 created', 'INFO', '2026-07-15 14:15:29'),
(515, 161, 'Lina', 'REQUEST_ACCEPTED', 'Donor accepted blood request REQ20260715204529 (ID: 208)', 'INFO', '2026-07-15 14:16:38'),
(516, 163, 'Lina Lina', 'USER_LOGIN', 'Lina Lina logged in to system', 'INFO', '2026-07-15 14:21:44'),
(517, 164, 'Lina', 'LOGIN', 'User logged in', 'INFO', '2026-07-15 14:23:38'),
(518, 164, 'Lina', 'DONOR_PROFILE_COMPLETED', 'Donor profile completed (DOB: 2002-07-13, Weight: 30kg)', 'INFO', '2026-07-15 14:25:16'),
(519, 162, 'Kay Kay', 'BLOOD_REQUEST_CREATED', 'Blood request REQ20260715205722 created', 'INFO', '2026-07-15 14:27:22'),
(520, 164, 'Lina', 'REQUEST_ACCEPTED', 'Donor accepted blood request REQ20260715205722 (ID: 209)', 'INFO', '2026-07-15 14:29:05'),
(521, 164, 'Lina', 'PROFILE_UPDATED', 'Donor updated their profile', 'INFO', '2026-07-15 15:01:07'),
(522, 162, 'Kay Kay', 'BLOOD_REQUEST_CREATED', 'Blood request REQ20260715213625 created', 'INFO', '2026-07-15 15:06:25'),
(523, 165, 'Lina', 'LOGIN', 'User logged in', 'INFO', '2026-07-15 15:09:06'),
(524, 165, 'Lina', 'DONOR_PROFILE_COMPLETED', 'Donor profile completed (DOB: 2008-07-15, Weight: 20kg)', 'INFO', '2026-07-15 15:16:16'),
(525, 57, 'Admin', 'USER_DELETED', 'Admin deleted user nick (ID: 79)', 'INFO', '2026-07-15 15:26:15'),
(526, 57, 'Admin', 'USER_DELETED', 'Admin deleted user bady (ID: 91)', 'INFO', '2026-07-15 15:26:40'),
(527, 57, 'Admin', 'USER_DELETED', 'Admin deleted user dodo (ID: 92)', 'INFO', '2026-07-15 15:26:55'),
(528, 165, 'Lina', 'PROFILE_UPDATED', 'Donor updated their profile', 'INFO', '2026-07-15 15:37:05'),
(529, 166, 'Kay Kay', 'USER_LOGIN', 'Kay Kay logged in to system', 'INFO', '2026-07-15 15:38:50'),
(530, 166, 'Kay Kay', 'BLOOD_REQUEST_CREATED', 'Blood request REQ20260715220935 created', 'INFO', '2026-07-15 15:39:35'),
(531, 167, 'Htet Htet', 'LOGIN', 'User logged in', 'INFO', '2026-07-15 15:49:56'),
(532, 167, 'Htet Htet', 'DONOR_PROFILE_COMPLETED', 'Donor profile completed (DOB: 2008-07-15, Weight: 70kg)', 'INFO', '2026-07-15 15:51:05'),
(533, 167, 'Htet Htet', 'PROFILE_UPDATED', 'Donor updated their profile', 'INFO', '2026-07-15 15:51:24'),
(534, 167, 'Htet Htet', 'REQUEST_ACCEPTED', 'Donor accepted blood request REQ20260715220935 (ID: 212)', 'INFO', '2026-07-15 15:53:10'),
(535, 168, 'R you', 'LOGIN', 'User logged in', 'INFO', '2026-07-15 15:58:44'),
(536, 168, 'R you', 'USER_LOGIN', 'R you logged in to system', 'INFO', '2026-07-15 15:59:25'),
(537, 169, 'Ryou You', 'USER_LOGIN', 'Ryou You logged in to system', 'INFO', '2026-07-15 16:02:27'),
(538, 169, 'Ryou You', 'DONOR_PROFILE_COMPLETED', 'Donor profile completed (DOB: 2008-07-14, Weight: 50kg)', 'INFO', '2026-07-15 16:02:44'),
(539, 169, 'Ryou You', 'PROFILE_UPDATED', 'Donor updated their profile', 'INFO', '2026-07-15 16:03:13'),
(540, 169, 'Ryou You', 'PROFILE_UPDATED', 'Donor updated their profile', 'INFO', '2026-07-15 16:05:54'),
(541, 169, 'Ryou You', 'PROFILE_UPDATED', 'Donor updated their profile', 'INFO', '2026-07-15 16:09:14'),
(542, 170, 'Bunny', 'USER_LOGIN', 'Bunny logged in to system', 'INFO', '2026-07-15 16:11:10'),
(543, 170, 'Bunny', 'DONOR_PROFILE_COMPLETED', 'Donor profile completed (DOB: 2008-07-08, Weight: 70kg)', 'INFO', '2026-07-15 16:11:40'),
(544, 170, 'Bunny', 'PROFILE_UPDATED', 'Donor updated their profile', 'INFO', '2026-07-15 16:11:55'),
(545, 166, 'Kay Kay', 'BLOOD_REQUEST_CREATED', 'Blood request REQ20260715224436 created', 'INFO', '2026-07-15 16:14:36'),
(546, 169, 'Ryou You', 'REQUEST_ACCEPTED', 'Donor accepted blood request REQ20260715224436 (ID: 213)', 'INFO', '2026-07-15 16:16:57'),
(547, 166, 'Kay Kay', 'BLOOD_REQUEST_CREATED', 'Blood request REQ20260715224949 created', 'INFO', '2026-07-15 16:19:49'),
(548, 171, 'May', 'LOGIN', 'User logged in', 'INFO', '2026-07-15 16:23:43'),
(549, 171, 'May', 'PROFILE_UPDATED', 'Donor updated their profile', 'INFO', '2026-07-15 16:24:19'),
(550, 172, 'Dar Dar', 'USER_LOGIN', 'Dar Dar logged in to system', 'INFO', '2026-07-15 16:31:04'),
(551, 172, 'Dar Dar', 'BLOOD_REQUEST_CREATED', 'Blood request REQ20260715230329 created', 'INFO', '2026-07-15 16:33:29'),
(552, 172, NULL, 'REQUEST_CANCELLED', 'Patient cancelled blood request REQ20260715230329 (ID: 215)', 'INFO', '2026-07-15 16:34:22'),
(553, 172, 'Dar Dar', 'BLOOD_REQUEST_CREATED', 'Blood request REQ20260715230645 created', 'INFO', '2026-07-15 16:36:45'),
(554, 171, 'May', 'REQUEST_ACCEPTED', 'Donor accepted blood request REQ20260715230645 (ID: 216)', 'INFO', '2026-07-15 16:59:31'),
(555, 170, 'Bunny', 'PROFILE_UPDATED', 'Donor updated their profile', 'INFO', '2026-07-15 17:01:46'),
(556, 173, 'Bunny', 'USER_LOGIN', 'Bunny logged in to system', 'INFO', '2026-07-15 17:02:20'),
(557, 173, 'Bunny', 'DONOR_PROFILE_COMPLETED', 'Donor profile completed (DOB: 2008-07-15, Weight: 90kg)', 'INFO', '2026-07-15 17:02:32'),
(558, 173, 'Bunny', 'PROFILE_UPDATED', 'Donor updated their profile', 'INFO', '2026-07-15 17:02:52'),
(559, 173, 'Bunny', 'REQUEST_ACCEPTED', 'Donor accepted blood request REQ20260715224949 (ID: 214)', 'INFO', '2026-07-15 17:04:52'),
(560, 174, 'Bunny', 'USER_LOGIN', 'Bunny logged in to system', 'INFO', '2026-07-15 17:17:09'),
(561, 174, 'Bunny', 'DONOR_PROFILE_COMPLETED', 'Donor profile completed (DOB: 2008-07-14, Weight: 80kg)', 'INFO', '2026-07-15 17:17:24'),
(562, 166, 'Kay Kay', 'BLOOD_REQUEST_CREATED', 'Blood request REQ20260715234823 created', 'INFO', '2026-07-15 17:18:23'),
(563, 172, 'Dar Dar', 'USER_LOGIN', 'Dar Dar logged in to system', 'INFO', '2026-07-15 17:19:32'),
(564, 172, 'Dar Dar', 'BLOOD_REQUEST_CREATED', 'Blood request REQ20260715235041 created', 'INFO', '2026-07-15 17:20:41'),
(565, 174, 'Bunny', 'REQUEST_ACCEPTED', 'Donor accepted blood request REQ20260715234823 (ID: 217)', 'INFO', '2026-07-15 17:30:19'),
(566, 166, 'Kay Kay', 'USER_LOGIN', 'Kay Kay logged in to system', 'INFO', '2026-07-15 17:31:10'),
(567, 166, 'Kay Kay', 'BLOOD_REQUEST_CREATED', 'Blood request REQ20260716000234 created', 'INFO', '2026-07-15 17:32:34'),
(568, 175, 'Htet Nandar Winn', 'USER_LOGIN', 'Htet Nandar Winn logged in to system', 'INFO', '2026-07-15 17:36:19'),
(569, 175, 'Htet Nandar Winn', 'BLOOD_REQUEST_CREATED', 'Blood request REQ20260716000651 created', 'INFO', '2026-07-15 17:36:51'),
(570, 176, 'Htet Nandar Winn', 'USER_LOGIN', 'Htet Nandar Winn logged in to system', 'INFO', '2026-07-15 17:37:41'),
(571, 176, 'Htet Nandar Winn', 'DONOR_PROFILE_COMPLETED', 'Donor profile completed (DOB: 2008-07-16, Weight: 80kg)', 'INFO', '2026-07-15 17:37:57'),
(572, 166, NULL, 'REQUEST_CANCELLED', 'Patient cancelled blood request REQ20260716000234 (ID: 219)', 'INFO', '2026-07-15 17:39:44'),
(573, 166, 'Kay Kay', 'BLOOD_REQUEST_CREATED', 'Blood request REQ20260716001028 created', 'INFO', '2026-07-15 17:40:28'),
(574, 176, 'Htet Nandar Winn', 'PROFILE_UPDATED', 'Donor updated their profile', 'INFO', '2026-07-15 17:42:04'),
(575, 176, 'Htet Nandar Winn', 'PROFILE_UPDATED', 'Donor updated their profile', 'INFO', '2026-07-15 17:44:28'),
(576, 57, 'Admin', 'LOGIN', 'User logged in', 'INFO', '2026-07-15 19:04:45'),
(577, 176, 'Htet Nandar Winn', 'USER_LOGIN', 'Htet Nandar Winn logged in to system', 'INFO', '2026-07-15 19:12:45'),
(578, 178, 'Htet Nandar Winn', 'LOGIN', 'User logged in', 'INFO', '2026-07-15 19:15:22'),
(579, 178, 'Htet Nandar Winn', 'DONOR_PROFILE_COMPLETED', 'Donor profile completed (DOB: 2008-07-16, Weight: 70kg)', 'INFO', '2026-07-15 19:15:37'),
(580, 178, 'Htet Nandar Winn', 'PROFILE_UPDATED', 'Donor updated their profile', 'INFO', '2026-07-15 19:15:56'),
(581, 166, 'Kay Kay', 'USER_LOGIN', 'Kay Kay logged in to system', 'INFO', '2026-07-15 19:18:20'),
(582, 166, NULL, 'REQUEST_CANCELLED', 'Patient cancelled blood request REQ20260716001028 (ID: 221)', 'INFO', '2026-07-15 19:20:26'),
(583, 57, 'Admin', 'LOGIN', 'User logged in', 'INFO', '2026-07-16 02:49:03'),
(584, 179, 'dardarwinhtet', 'USER_LOGIN', 'dardarwinhtet logged in to system', 'INFO', '2026-07-16 02:55:07'),
(585, 179, 'dardarwinhtet', 'DONOR_PROFILE_COMPLETED', 'Donor profile completed (DOB: 2008-07-13, Weight: 50kg)', 'INFO', '2026-07-16 02:55:35'),
(586, 179, 'dardarwinhtet', 'PROFILE_UPDATED', 'Donor updated their profile', 'INFO', '2026-07-16 02:56:10'),
(587, 180, 'Kay Kay', 'LOGIN', 'User logged in', 'INFO', '2026-07-16 03:19:27'),
(588, 180, 'Kay Kay', 'BLOOD_REQUEST_CREATED', 'Blood request REQ20260716095231 created', 'INFO', '2026-07-16 03:22:31'),
(589, 181, 'Htet Nandar Winn', 'USER_LOGIN', 'Htet Nandar Winn logged in to system', 'INFO', '2026-07-16 03:24:16'),
(590, 181, 'Htet Nandar Winn', 'DONOR_PROFILE_COMPLETED', 'Donor profile completed (DOB: 2008-07-16, Weight: 50kg)', 'INFO', '2026-07-16 03:24:32'),
(591, 181, 'Htet Nandar Winn', 'PROFILE_UPDATED', 'Donor updated their profile', 'INFO', '2026-07-16 03:24:50'),
(592, 181, 'Htet Nandar Winn', 'REQUEST_ACCEPTED', 'Donor accepted blood request REQ20260716095231 (ID: 222)', 'INFO', '2026-07-16 03:26:10'),
(593, 182, 'Noe Noe', 'LOGIN', 'User logged in', 'INFO', '2026-07-16 03:29:30'),
(594, 182, 'Noe Noe', 'DONOR_PROFILE_COMPLETED', 'Donor profile completed (DOB: 2003-01-25, Weight: 35kg)', 'INFO', '2026-07-16 03:30:38'),
(595, 182, 'Noe Noe', 'PROFILE_UPDATED', 'Donor updated their profile', 'INFO', '2026-07-16 03:31:10'),
(596, 180, 'Kay Kay', 'BLOOD_REQUEST_CREATED', 'Blood request REQ20260716100214 created', 'INFO', '2026-07-16 03:32:14'),
(597, 182, 'Noe Noe', 'PROFILE_UPDATED', 'Donor updated their profile', 'INFO', '2026-07-16 03:36:19'),
(598, 182, 'Noe Noe', 'PROFILE_UPDATED', 'Donor updated their profile', 'INFO', '2026-07-16 03:40:19'),
(599, 182, 'Noe Noe', 'PROFILE_UPDATED', 'Donor updated their profile', 'INFO', '2026-07-16 03:55:03'),
(600, 182, 'Noe Noe', 'PROFILE_UPDATED', 'Donor updated their profile', 'INFO', '2026-07-16 03:55:57'),
(601, 183, 'Htet Linn', 'LOGIN', 'User logged in', 'INFO', '2026-07-16 03:58:46'),
(602, 183, 'Htet Linn', 'DONOR_PROFILE_COMPLETED', 'Donor profile completed (DOB: 2008-07-13, Weight: 70kg)', 'INFO', '2026-07-16 03:59:09'),
(603, 183, 'Htet Linn', 'PROFILE_UPDATED', 'Donor updated their profile', 'INFO', '2026-07-16 03:59:25'),
(604, 182, 'Noe Noe', 'PROFILE_UPDATED', 'Donor updated their profile', 'INFO', '2026-07-16 04:01:20'),
(605, 183, 'Htet Linn', 'PROFILE_UPDATED', 'Donor updated their profile', 'INFO', '2026-07-16 04:01:57'),
(606, 182, 'Noe Noe', 'PROFILE_UPDATED', 'Donor updated their profile', 'INFO', '2026-07-16 04:02:59'),
(607, 182, 'Noe Noe', 'PROFILE_UPDATED', 'Donor updated their profile', 'INFO', '2026-07-16 04:03:32'),
(608, 182, 'Noe Noe', 'REQUEST_ACCEPTED', 'Donor accepted blood request REQ20260716100214 (ID: 223)', 'INFO', '2026-07-16 04:12:26'),
(609, 184, 'Htet Nandar Linn', 'USER_LOGIN', 'Htet Nandar Linn logged in to system', 'INFO', '2026-07-16 04:20:52'),
(610, 184, 'Htet Nandar Linn', 'DONOR_PROFILE_COMPLETED', 'Donor profile completed (DOB: 2008-07-13, Weight: 70kg)', 'INFO', '2026-07-16 04:21:09'),
(611, 184, 'Htet Nandar Linn', 'PROFILE_UPDATED', 'Donor updated their profile', 'INFO', '2026-07-16 04:21:29'),
(612, 172, 'Dar Dar', 'USER_LOGIN', 'Dar Dar logged in to system', 'INFO', '2026-07-16 04:23:47'),
(613, 180, 'Kay Kay', 'BLOOD_REQUEST_CREATED', 'Blood request REQ20260716105425 created', 'INFO', '2026-07-16 04:24:25'),
(614, 184, 'Htet Nandar Linn', 'REQUEST_ACCEPTED', 'Donor accepted blood request REQ20260716105425 (ID: 224)', 'INFO', '2026-07-16 04:28:11'),
(615, 185, 'Super Ngal', 'USER_LOGIN', 'Super Ngal logged in to system', 'INFO', '2026-07-16 04:40:12'),
(616, 185, 'Super Ngal', 'DONOR_PROFILE_COMPLETED', 'Donor profile completed (DOB: 2008-07-16, Weight: 60kg)', 'INFO', '2026-07-16 04:40:22'),
(617, 185, 'Super Ngal', 'PROFILE_UPDATED', 'Donor updated their profile', 'INFO', '2026-07-16 04:40:45'),
(618, 185, 'Super Ngal', 'REQUEST_ACCEPTED', 'Donor accepted blood request REQ20260715235041 (ID: 218)', 'INFO', '2026-07-16 04:41:30'),
(619, 186, 'Barbie', 'LOGIN', 'User logged in', 'INFO', '2026-07-16 04:59:23'),
(620, 186, 'Barbie', 'DONOR_PROFILE_COMPLETED', 'Donor profile completed (DOB: 2008-07-14, Weight: 60kg)', 'INFO', '2026-07-16 04:59:39'),
(621, 186, 'Barbie', 'PROFILE_UPDATED', 'Donor updated their profile', 'INFO', '2026-07-16 04:59:51'),
(622, 180, 'Kay Kay', 'BLOOD_REQUEST_CREATED', 'Blood request REQ20260716113650 created', 'INFO', '2026-07-16 05:06:50'),
(623, 172, 'Dar Dar', 'BLOOD_REQUEST_CREATED', 'Blood request REQ20260716113801 created', 'INFO', '2026-07-16 05:08:01'),
(624, 180, NULL, 'REQUEST_CANCELLED', 'Patient cancelled blood request REQ20260716113650 (ID: 225)', 'INFO', '2026-07-16 05:18:29'),
(625, 180, 'Kay Kay', 'BLOOD_REQUEST_CREATED', 'Blood request REQ20260716114939 created', 'INFO', '2026-07-16 05:19:39'),
(626, 172, NULL, 'REQUEST_CANCELLED', 'Patient cancelled blood request REQ20260716113801 (ID: 226)', 'INFO', '2026-07-16 05:21:16'),
(627, 172, 'Dar Dar', 'BLOOD_REQUEST_CREATED', 'Blood request REQ20260716115239 created', 'INFO', '2026-07-16 05:22:39'),
(628, 186, 'Barbie', 'REQUEST_ACCEPTED', 'Donor accepted blood request REQ20260716115239 (ID: 228)', 'INFO', '2026-07-16 05:44:17'),
(629, 172, 'Dar Dar', 'BLOOD_REQUEST_CREATED', 'Blood request REQ20260716121614 created', 'INFO', '2026-07-16 05:46:14'),
(630, 172, NULL, 'REQUEST_CANCELLED', 'Patient cancelled blood request REQ20260716121614 (ID: 229)', 'INFO', '2026-07-16 05:46:54'),
(631, 172, 'Dar Dar', 'BLOOD_REQUEST_CREATED', 'Blood request REQ20260716121718 created', 'INFO', '2026-07-16 05:47:18'),
(632, 180, NULL, 'REQUEST_CANCELLED', 'Patient cancelled blood request REQ20260716114939 (ID: 227)', 'INFO', '2026-07-16 05:47:31'),
(633, 180, 'Kay Kay', 'BLOOD_REQUEST_CREATED', 'Blood request REQ20260716121752 created', 'INFO', '2026-07-16 05:47:52'),
(634, 183, 'Htet Linn', 'REQUEST_ACCEPTED', 'Donor accepted blood request REQ20260716121718 (ID: 230)', 'INFO', '2026-07-16 05:49:12'),
(635, 187, 'Thae Tone', 'LOGIN', 'User logged in', 'INFO', '2026-07-16 06:38:17'),
(636, 187, 'Thae Tone', 'DONOR_PROFILE_COMPLETED', 'Donor profile completed (DOB: 2007-03-16, Weight: 30kg)', 'INFO', '2026-07-16 06:39:25'),
(637, 187, 'Thae Tone', 'PROFILE_UPDATED', 'Donor updated their profile', 'INFO', '2026-07-16 06:39:43'),
(638, 180, NULL, 'REQUEST_CANCELLED', 'Patient cancelled blood request REQ20260716121752 (ID: 231)', 'INFO', '2026-07-16 06:40:02'),
(639, 180, 'Kay Kay', 'BLOOD_REQUEST_CREATED', 'Blood request REQ20260716131027 created', 'INFO', '2026-07-16 06:40:27'),
(640, 172, 'Dar Dar', 'BLOOD_REQUEST_CREATED', 'Blood request REQ20260716131115 created', 'INFO', '2026-07-16 06:41:15'),
(641, 187, 'Thae Tone', 'PROFILE_UPDATED', 'Donor updated their profile', 'INFO', '2026-07-16 06:42:11'),
(642, 172, 'Dar Dar', 'BLOOD_REQUEST_CREATED', 'Blood request REQ20260716131552 created', 'INFO', '2026-07-16 06:45:52'),
(643, 172, 'Dar Dar', 'BLOOD_REQUEST_CREATED', 'Blood request REQ20260716131803 created', 'INFO', '2026-07-16 06:48:03'),
(644, 187, 'Thae Tone', 'REQUEST_ACCEPTED', 'Donor accepted blood request REQ20260716131803 (ID: 235)', 'INFO', '2026-07-16 06:50:26'),
(645, 185, 'Super Ngal', 'USER_LOGIN', 'Super Ngal logged in to system', 'INFO', '2026-07-16 06:52:25'),
(646, 188, 'Nay Chi', 'LOGIN', 'User logged in', 'INFO', '2026-07-16 07:08:28'),
(647, 188, 'Nay Chi', 'DONOR_PROFILE_COMPLETED', 'Donor profile completed (DOB: 2008-07-16, Weight: 60kg)', 'INFO', '2026-07-16 07:09:01'),
(648, 188, 'Nay Chi', 'PROFILE_UPDATED', 'Donor updated their profile', 'INFO', '2026-07-16 07:09:17'),
(649, 172, 'Dar Dar', 'BLOOD_REQUEST_CREATED', 'Blood request REQ20260716134017 created', 'INFO', '2026-07-16 07:10:17'),
(650, 57, 'Admin', 'USER_DELETED', 'Admin deleted user Nay Chi (ID: 188)', 'INFO', '2026-07-16 07:32:04'),
(651, 189, 'Nay Chi', 'LOGIN', 'User logged in', 'INFO', '2026-07-16 07:34:06'),
(652, 189, 'Nay Chi', 'DONOR_PROFILE_COMPLETED', 'Donor profile completed (DOB: 2008-07-16, Weight: 50kg)', 'INFO', '2026-07-16 07:34:22'),
(653, 189, 'Nay Chi', 'PROFILE_UPDATED', 'Donor updated their profile', 'INFO', '2026-07-16 07:34:53'),
(654, 57, 'Admin', 'LOGIN', 'User logged in', 'INFO', '2026-07-16 07:58:17'),
(655, 189, 'Nay Chi', 'REQUEST_ACCEPTED', 'Donor accepted blood request REQ20260716134017 (ID: 236)', 'INFO', '2026-07-16 09:06:09'),
(656, 190, 'Bunny', 'LOGIN', 'User logged in', 'INFO', '2026-07-16 09:13:20'),
(657, 190, 'Bunny', 'DONOR_PROFILE_COMPLETED', 'Donor profile completed (DOB: 2008-07-16, Weight: 60kg)', 'INFO', '2026-07-16 09:13:35'),
(658, 180, 'Kay Kay', 'LOGIN', 'User logged in', 'INFO', '2026-07-16 09:15:13'),
(659, 180, NULL, 'REQUEST_CANCELLED', 'Patient cancelled blood request REQ20260716131027 (ID: 232)', 'INFO', '2026-07-16 09:15:35'),
(660, 180, 'Kay Kay', 'BLOOD_REQUEST_CREATED', 'Blood request REQ20260716154558 created', 'INFO', '2026-07-16 09:15:58'),
(661, 172, 'Dar Dar', 'USER_LOGIN', 'Dar Dar logged in to system', 'INFO', '2026-07-16 09:19:45'),
(662, 172, 'Dar Dar', 'BLOOD_REQUEST_CREATED', 'Blood request REQ20260716155015 created', 'INFO', '2026-07-16 09:20:15'),
(663, 57, 'Admin', 'LOGIN', 'User logged in', 'INFO', '2026-07-16 10:32:47'),
(664, 57, 'Admin', 'LOGIN', 'User logged in', 'INFO', '2026-07-16 10:45:53'),
(665, 180, 'Kay Kay', 'LOGIN', 'User logged in', 'INFO', '2026-07-16 11:02:02'),
(666, 190, 'Bunny', 'LOGIN', 'User logged in', 'INFO', '2026-07-16 11:02:42'),
(667, 180, 'Kay Kay', 'BLOOD_REQUEST_CREATED', 'Blood request REQ20260716173351 created', 'INFO', '2026-07-16 11:03:51'),
(668, 57, 'Admin', 'LOGIN', 'User logged in', 'INFO', '2026-07-16 13:47:19'),
(669, 180, 'Kay Kay', 'LOGIN', 'User logged in', 'INFO', '2026-07-16 13:48:39'),
(670, 180, NULL, 'REQUEST_CANCELLED', 'Patient cancelled blood request REQ20260716173351 (ID: 239)', 'INFO', '2026-07-16 13:49:06'),
(671, 180, 'Kay Kay', 'BLOOD_REQUEST_CREATED', 'Blood request REQ20260716201945 created', 'INFO', '2026-07-16 13:49:45'),
(672, 190, 'Bunny', 'LOGIN', 'User logged in', 'INFO', '2026-07-16 13:51:12'),
(673, 172, 'Dar Dar', 'USER_LOGIN', 'Dar Dar logged in to system', 'INFO', '2026-07-16 13:53:18'),
(674, 172, 'Dar Dar', 'BLOOD_REQUEST_CREATED', 'Blood request REQ20260716202444 created', 'INFO', '2026-07-16 13:54:44'),
(675, 190, 'Bunny', 'REQUEST_ACCEPTED', 'Donor accepted blood request REQ20260716202444 (ID: 241)', 'INFO', '2026-07-16 14:58:04'),
(676, 191, 'T NU', 'LOGIN', 'User logged in', 'INFO', '2026-07-16 15:03:17'),
(677, 191, 'T NU', 'DONOR_PROFILE_COMPLETED', 'Donor profile completed (DOB: 2008-07-16, Weight: 30kg)', 'INFO', '2026-07-16 15:03:33'),
(678, 191, 'T NU', 'PROFILE_UPDATED', 'Donor updated their profile', 'INFO', '2026-07-16 15:05:36'),
(679, 57, 'Admin', 'LOGIN', 'User logged in', 'INFO', '2026-07-16 15:19:09'),
(680, 57, 'Admin', 'LOGIN', 'User logged in', 'INFO', '2026-07-16 15:41:08'),
(681, 180, 'Kay Kay', 'USER_LOGIN', 'Kay Kay logged in to system', 'INFO', '2026-07-16 15:42:10'),
(682, 180, NULL, 'REQUEST_CANCELLED', 'Patient cancelled blood request REQ20260716201945 (ID: 240)', 'INFO', '2026-07-16 15:44:20'),
(683, 180, 'Kay Kay', 'BLOOD_REQUEST_CREATED', 'Blood request REQ20260716221525 created', 'INFO', '2026-07-16 15:45:25'),
(684, 191, 'T NU', 'LOGIN', 'User logged in', 'INFO', '2026-07-16 15:46:36'),
(685, 172, 'Dar Dar', 'USER_LOGIN', 'Dar Dar logged in to system', 'INFO', '2026-07-16 15:47:36'),
(686, 172, 'Dar Dar', 'BLOOD_REQUEST_CREATED', 'Blood request REQ20260716221808 created', 'INFO', '2026-07-16 15:48:08'),
(687, 57, 'Admin', 'LOGIN', 'User logged in', 'INFO', '2026-07-16 16:01:37'),
(688, 57, 'Admin', 'LOGIN', 'User logged in', 'INFO', '2026-07-16 16:27:52'),
(689, 180, 'Kay Kay', 'BLOOD_REQUEST_CREATED', 'Blood request REQ20260716230505 created', 'INFO', '2026-07-16 16:35:05'),
(690, 172, 'Dar Dar', 'BLOOD_REQUEST_CREATED', 'Blood request REQ20260716230550 created', 'INFO', '2026-07-16 16:35:50'),
(691, 191, 'T NU', 'REQUEST_ACCEPTED', 'Donor accepted blood request REQ20260716230505 (ID: 244)', 'INFO', '2026-07-16 17:05:54'),
(692, 180, 'Kay Kay', 'BLOOD_REQUEST_CREATED', 'Blood request REQ20260716234057 created', 'INFO', '2026-07-16 17:10:57'),
(693, 192, 'Htet Nandar Winn', 'USER_LOGIN', 'Htet Nandar Winn logged in to system', 'INFO', '2026-07-16 17:11:59'),
(694, 192, 'Htet Nandar Winn', 'DONOR_PROFILE_COMPLETED', 'Donor profile completed (DOB: 2008-07-16, Weight: 50kg)', 'INFO', '2026-07-16 17:12:15'),
(695, 192, 'Htet Nandar Winn', 'REQUEST_ACCEPTED', 'Donor accepted blood request REQ20260716234057 (ID: 246)', 'INFO', '2026-07-16 17:15:59'),
(696, 180, 'Kay Kay', 'BLOOD_REQUEST_CREATED', 'Blood request REQ20260716234853 created', 'INFO', '2026-07-16 17:18:53'),
(697, 172, 'Dar Dar', 'BLOOD_REQUEST_CREATED', 'Blood request REQ20260716234940 created', 'INFO', '2026-07-16 17:19:40'),
(698, 193, 'Ryou You', 'USER_LOGIN', 'Ryou You logged in to system', 'INFO', '2026-07-16 17:20:16'),
(699, 193, 'Ryou You', 'DONOR_PROFILE_COMPLETED', 'Donor profile completed (DOB: 2008-07-16, Weight: 70kg)', 'INFO', '2026-07-16 17:20:34'),
(700, 193, 'Ryou You', 'REQUEST_ACCEPTED', 'Donor accepted blood request REQ20260716234940 (ID: 248)', 'INFO', '2026-07-16 17:34:49'),
(701, 57, 'Admin', 'LOGIN', 'User logged in', 'INFO', '2026-07-17 02:45:54'),
(702, 194, 'Aung', 'LOGIN', 'User logged in', 'INFO', '2026-07-17 02:54:34'),
(703, 194, 'Aung', 'DONOR_PROFILE_COMPLETED', 'Donor profile completed (DOB: 2008-07-17, Weight: 50kg)', 'INFO', '2026-07-17 02:54:49'),
(704, 194, 'Aung', 'PROFILE_UPDATED', 'Donor updated their profile', 'INFO', '2026-07-17 02:55:43'),
(705, 180, 'Kay Kay', 'LOGIN', 'User logged in', 'INFO', '2026-07-17 03:10:15'),
(706, 172, 'Dar Dar', 'USER_LOGIN', 'Dar Dar logged in to system', 'INFO', '2026-07-17 03:10:40'),
(707, 172, 'Dar Dar', 'BLOOD_REQUEST_CREATED', 'Blood request REQ20260717094254 created', 'INFO', '2026-07-17 03:12:54'),
(708, 172, 'Dar Dar', 'BLOOD_REQUEST_CREATED', 'Blood request REQ20260717094517 created', 'INFO', '2026-07-17 03:15:17'),
(709, 172, 'Dar Dar', 'BLOOD_REQUEST_CREATED', 'Blood request REQ20260717094731 created', 'INFO', '2026-07-17 03:17:31'),
(710, 194, 'Aung', 'REQUEST_ACCEPTED', 'Donor accepted blood request REQ20260717094731 (ID: 251)', 'INFO', '2026-07-17 03:20:51'),
(711, 195, 'May', 'LOGIN', 'User logged in', 'INFO', '2026-07-17 03:29:12'),
(712, 195, 'May', 'DONOR_PROFILE_COMPLETED', 'Donor profile completed (DOB: 2008-07-17, Weight: 30kg)', 'INFO', '2026-07-17 03:29:36'),
(713, 195, 'May', 'PROFILE_UPDATED', 'Donor updated their profile', 'INFO', '2026-07-17 03:29:52'),
(714, 196, 'Bunny', 'USER_LOGIN', 'Bunny logged in to system', 'INFO', '2026-07-17 03:31:41'),
(715, 196, 'Bunny', 'DONOR_PROFILE_COMPLETED', 'Donor profile completed (DOB: 2008-07-17, Weight: 60kg)', 'INFO', '2026-07-17 03:31:54'),
(716, 172, 'Dar Dar', 'BLOOD_REQUEST_CREATED', 'Blood request REQ20260717100341 created', 'INFO', '2026-07-17 03:33:41'),
(717, 172, 'Dar Dar', 'BLOOD_REQUEST_CREATED', 'Blood request REQ20260717101222 created', 'INFO', '2026-07-17 03:42:22'),
(718, 196, 'Bunny', 'REQUEST_ACCEPTED', 'Donor accepted blood request REQ20260717101222 (ID: 253)', 'INFO', '2026-07-17 03:43:48'),
(719, 180, 'Kay Kay', 'BLOOD_REQUEST_CREATED', 'Blood request REQ20260717101539 created', 'INFO', '2026-07-17 03:45:39'),
(720, 172, 'Dar Dar', 'BLOOD_REQUEST_CREATED', 'Blood request REQ20260717101619 created', 'INFO', '2026-07-17 03:46:19'),
(721, 197, 'Ryou You', 'USER_LOGIN', 'Ryou You logged in to system', 'INFO', '2026-07-17 03:46:52'),
(722, 197, 'Ryou You', 'DONOR_PROFILE_COMPLETED', 'Donor profile completed (DOB: 2008-07-15, Weight: 80kg)', 'INFO', '2026-07-17 03:47:11'),
(723, 197, 'Ryou You', 'PROFILE_UPDATED', 'Donor updated their profile', 'INFO', '2026-07-17 03:47:28');

-- --------------------------------------------------------

--
-- Table structure for table `blood_requests`
--

CREATE TABLE `blood_requests` (
  `request_id` int(11) NOT NULL,
  `request_code` varchar(20) NOT NULL,
  `patient_id` int(11) NOT NULL,
  `patient_name` varchar(100) NOT NULL,
  `blood_group_needed` varchar(10) NOT NULL,
  `hospital_name` varchar(150) NOT NULL,
  `state_region` varchar(100) DEFAULT NULL,
  `township` varchar(100) DEFAULT NULL,
  `hospital_address` text DEFAULT NULL,
  `urgency` varchar(50) DEFAULT NULL,
  `contact_phone` varchar(20) DEFAULT NULL,
  `status` int(11) NOT NULL,
  `created_at` timestamp NOT NULL DEFAULT current_timestamp(),
  `unit` int(11) NOT NULL DEFAULT 1,
  `donor_id` int(11) DEFAULT NULL
) ENGINE=InnoDB DEFAULT CHARSET=utf8mb4 COLLATE=utf8mb4_general_ci;

--
-- Dumping data for table `blood_requests`
--

INSERT INTO `blood_requests` (`request_id`, `request_code`, `patient_id`, `patient_name`, `blood_group_needed`, `hospital_name`, `state_region`, `township`, `hospital_address`, `urgency`, `contact_phone`, `status`, `created_at`, `unit`, `donor_id`) VALUES
(215, 'REQ20260715230329', 172, 'Dar Dar', 'A-', 'Grand Hospital ,Yangon', 'Yangon', 'Hlaing', '123,Hnin Si', 'Urgent', '09663237617', 10, '2026-07-15 16:33:29', 3, NULL),
(216, 'REQ20260715230645', 172, 'Dar Dar', 'A+', 'Grand Hospital ,Yangon', 'Yangon', 'Hlaing', '123', 'Urgent', '09663237617', 8, '2026-07-15 16:36:45', 3, 171),
(218, 'REQ20260715235041', 172, 'Dar Dar', 'B+', 'Grand Hospital, Yangon', 'Yangon', 'North Okkalapa', '123,Hnin Si', 'Standard', '09671739912', 8, '2026-07-15 17:20:41', 2, 185),
(222, 'REQ20260716095231', 180, 'Kay Kay', 'B+', 'Grand Hospital, Yangon', 'Yangon', 'North Okkalapa', '123,Hnin Si', 'Urgent', '09671739912', 8, '2026-07-16 03:22:31', 3, 181),
(223, 'REQ20260716100214', 180, 'Kay Kay', 'A+', 'Grand Hospital, Yangon', 'Yangon', 'North Okkalapa', '123,Hnin si', 'Standard', '09671739912', 8, '2026-07-16 03:32:14', 3, 182),
(224, 'REQ20260716105425', 180, 'Kay Kay', 'B+', 'Grand Hospital, Yangon', 'Yangon', 'North Okkalapa', '123', 'Urgent', '09671739912', 8, '2026-07-16 04:24:25', 2, 184),
(225, 'REQ20260716113650', 180, 'Kay Kay', 'O+', 'Grand Hospital, Yangon', 'Yangon', 'North Okkalapa', '123', 'Critical', '09671739912', 10, '2026-07-16 05:06:50', 2, NULL),
(226, 'REQ20260716113801', 172, 'Dar Dar', 'O+', 'Grand Hospital,Yangon', 'Yangon', 'Hlaing', '123', 'Standard', '09663237617', 10, '2026-07-16 05:08:01', 2, NULL),
(227, 'REQ20260716114939', 180, 'Kay Kay', 'O+', 'Grand Hospital, Yangon', 'Yangon', 'North Okkalapa', '123', 'Standard', '09671739912', 10, '2026-07-16 05:19:39', 3, NULL),
(228, 'REQ20260716115239', 172, 'Dar Dar', 'O+', 'City Hospital', 'Mandalay', 'Naypyitaw', '123', 'Standard', '09663237617', 8, '2026-07-16 05:22:39', 2, 186),
(229, 'REQ20260716121614', 172, 'Dar Dar', 'O+', 'Grand Hospital,Yangon', 'Yangon', 'North Okkalapa', '123', 'Urgent', '09663237617', 10, '2026-07-16 05:46:14', 2, NULL),
(230, 'REQ20260716121718', 172, 'Dar Dar', 'A+', 'Grand Hospital,Yangon', 'Yangon', 'North Okkalapa', '123', 'Urgent', '09663237617', 8, '2026-07-16 05:47:18', 3, 183),
(231, 'REQ20260716121752', 180, 'Kay Kay', 'A+', 'Grand Hospital, Yangon', 'Yangon', 'North Okkalapa', '123', 'Standard', '09671739912', 10, '2026-07-16 05:47:52', 3, NULL),
(232, 'REQ20260716131027', 180, 'Kay Kay', 'AB+', 'Grand Hospital, Yangon', 'Yangon', 'North Okkalapa', '123', 'Urgent', '09671739912', 10, '2026-07-16 06:40:27', 2, NULL),
(235, 'REQ20260716131803', 172, 'Dar Dar', 'AB+', 'Grand Hospital', 'Yangon', 'North Okkalapa', '123', 'Critical', '09663237617', 8, '2026-07-16 06:48:03', 3, 187),
(236, 'REQ20260716134017', 172, 'Dar Dar', 'AB+', 'Grand Hospital', 'Yangon', 'Hlaing', '123', 'Standard', '09663237617', 8, '2026-07-16 07:10:17', 3, 189),
(239, 'REQ20260716173351', 180, 'Kay Kay', 'O+', 'Grand Hospital ,Yangon', 'Yangon', 'North Okkalapa', '123', 'Standard', '09671739912', 10, '2026-07-16 11:03:51', 3, 190),
(240, 'REQ20260716201945', 180, 'Kay Kay', 'O+', 'Grand Hospital , Yangon', 'Yangon', 'Hlaing', '123', 'Standard', '09671739912', 10, '2026-07-16 13:49:45', 2, 190),
(241, 'REQ20260716202444', 172, 'Dar Dar', 'O+', 'Grand Hospital', 'Yangon', 'Hlaing', '123', 'Urgent', '09953050708', 8, '2026-07-16 13:54:44', 2, 190),
(244, 'REQ20260716230505', 180, 'Kay Kay', 'O+', 'Grand Hospital, Yangon', 'Yangon', 'Hlaing', '123', 'Urgent', '09671739912', 8, '2026-07-16 16:35:05', 3, 191),
(245, 'REQ20260716230550', 172, 'Dar Dar', 'O+', 'Grand Hospital', 'Yangon', 'Hlaing', '123', 'Critical', '09663237617', 42, '2026-07-16 16:35:50', 2, 192),
(246, 'REQ20260716234057', 180, 'Kay Kay', 'O+', 'Grand Hospital, Yangon', 'Mandalay', 'Naypyitaw', '123', 'Standard', '09671739912', 8, '2026-07-16 17:10:57', 3, 192),
(248, 'REQ20260716234940', 172, 'Dar Dar', 'A+', 'Grand Hospital', 'Yangon', 'Thanlyin', '123', 'Urgent', '09663237617', 8, '2026-07-16 17:19:40', 3, 193),
(251, 'REQ20260717094731', 172, 'Dar Dar', 'A+', 'Grand Hospital', 'Yangon', 'Thanlyin', '125', 'Critical', '09663237617', 8, '2026-07-17 03:17:31', 2, 194),
(253, 'REQ20260717101222', 172, 'Dar Dar', 'B+', 'City Hospital', 'Yangon', 'Hlaing', '126', 'Standard', '09663237617', 8, '2026-07-17 03:42:22', 2, 196),
(254, 'REQ20260717101539', 180, 'Kay Kay', 'A+', 'Grand Hospital, Yangon', 'Yangon', 'Thanlyin', '123', 'Standard', '09671739912', 7, '2026-07-17 03:45:39', 2, NULL),
(255, 'REQ20260717101619', 172, 'Dar Dar', 'A+', 'Grand Hospital', 'Yangon', 'North Okkalapa', '125', 'Urgent', '09663237617', 7, '2026-07-17 03:46:19', 2, NULL);

-- --------------------------------------------------------

--
-- Table structure for table `donation_history`
--

CREATE TABLE `donation_history` (
  `donation_id` int(11) NOT NULL,
  `request_id` int(11) NOT NULL,
  `donor_id` int(11) NOT NULL,
  `donation_date` date NOT NULL,
  `status` int(11) NOT NULL,
  `remarks` text DEFAULT NULL,
  `created_at` timestamp NOT NULL DEFAULT current_timestamp()
) ENGINE=InnoDB DEFAULT CHARSET=utf8mb4 COLLATE=utf8mb4_general_ci;

--
-- Dumping data for table `donation_history`
--

INSERT INTO `donation_history` (`donation_id`, `request_id`, `donor_id`, `donation_date`, `status`, `remarks`, `created_at`) VALUES
(45, 223, 182, '2026-07-16', 8, 'Accepted by donor', '2026-07-16 04:12:26'),
(46, 224, 184, '2026-07-16', 8, 'Accepted by donor', '2026-07-16 04:28:11'),
(47, 218, 185, '2026-07-16', 8, 'Accepted by donor', '2026-07-16 04:41:30'),
(48, 228, 186, '2026-07-16', 8, 'Accepted by donor', '2026-07-16 05:44:17'),
(49, 230, 183, '2026-07-16', 8, 'Accepted by donor', '2026-07-16 05:49:12'),
(50, 235, 187, '2026-07-16', 8, 'Accepted by donor', '2026-07-16 06:50:26'),
(51, 236, 189, '2026-07-16', 8, 'Accepted by donor', '2026-07-16 09:06:09'),
(53, 244, 191, '2026-07-16', 8, 'Accepted by donor', '2026-07-16 17:05:54'),
(56, 251, 194, '2026-07-17', 8, 'Accepted by donor', '2026-07-17 03:20:51'),
(57, 253, 196, '2026-07-17', 8, 'Accepted by donor', '2026-07-17 03:43:48');

-- --------------------------------------------------------

--
-- Table structure for table `donors`
--

CREATE TABLE `donors` (
  `id` int(11) NOT NULL,
  `user_id` int(11) NOT NULL,
  `weight` varchar(50) DEFAULT NULL,
  `date_of_birth` date DEFAULT NULL,
  `state_region` varchar(100) DEFAULT NULL,
  `township` varchar(100) DEFAULT NULL,
  `last_donation_date` date DEFAULT NULL,
  `created_at` datetime DEFAULT NULL,
  `profile_photo` varchar(255) DEFAULT NULL
) ENGINE=InnoDB DEFAULT CHARSET=utf8mb4 COLLATE=utf8mb4_general_ci;

--
-- Dumping data for table `donors`
--

INSERT INTO `donors` (`id`, `user_id`, `weight`, `date_of_birth`, `state_region`, `township`, `last_donation_date`, `created_at`, `profile_photo`) VALUES
(11, 126, NULL, NULL, NULL, NULL, NULL, NULL, NULL),
(12, 127, NULL, NULL, NULL, NULL, NULL, NULL, NULL),
(13, 134, NULL, NULL, NULL, NULL, NULL, NULL, NULL),
(14, 137, NULL, NULL, NULL, NULL, NULL, NULL, NULL),
(15, 159, '60', '2008-07-15', NULL, NULL, NULL, NULL, NULL),
(16, 160, NULL, NULL, NULL, NULL, NULL, NULL, NULL),
(17, 161, '60', '2008-07-15', NULL, NULL, NULL, NULL, NULL),
(18, 164, '30', '2002-07-13', 'Yangon', 'North Okkalapa', NULL, NULL, NULL),
(19, 165, '20', '2008-07-15', 'Yangon', 'North Okkalapa', NULL, NULL, NULL),
(20, 167, '70', '2008-07-15', 'Yangon', 'North Okkalapa', NULL, NULL, NULL),
(21, 168, NULL, NULL, NULL, NULL, NULL, NULL, NULL),
(22, 169, '60', '2008-07-15', 'Yangon', 'North Okkalapa', NULL, NULL, NULL),
(23, 170, '90', '2008-07-15', 'Mandalay', 'Palate', NULL, NULL, NULL),
(24, 171, '90', '2008-07-08', 'Yangon', 'North Okkalapa', NULL, NULL, NULL),
(25, 170, '90', '2008-07-15', 'Mandalay', 'Palate', NULL, NULL, NULL),
(26, 170, '90', '2008-07-15', 'Mandalay', 'Palate', NULL, NULL, NULL),
(27, 170, NULL, NULL, NULL, NULL, NULL, NULL, NULL),
(28, 173, '90', '2008-07-15', 'Mandalay', 'Palate', NULL, NULL, NULL),
(29, 174, '80', '2008-07-14', 'Yangon', 'North Okkalapa', NULL, NULL, NULL),
(30, 176, '36', '2008-07-16', 'Yangon', 'North Okkalapa', NULL, NULL, NULL),
(31, 177, NULL, NULL, NULL, NULL, NULL, NULL, NULL),
(32, 178, '70', '2008-07-16', 'Yangon', 'North Okkalapa', NULL, NULL, NULL),
(33, 179, '50', '2008-07-13', 'Yangon', 'North Okkalapa', NULL, NULL, NULL),
(34, 179, NULL, NULL, NULL, NULL, NULL, NULL, NULL),
(35, 181, '50', '2008-07-16', 'Yangon', 'North Okkalapa', NULL, NULL, NULL),
(36, 182, '70', '2003-01-25', 'Yangon', 'Meikhtila', NULL, NULL, NULL),
(37, 183, '70', '2008-07-13', 'Mandalay', 'Yamethin', NULL, NULL, NULL),
(38, 184, '70', '2008-07-13', 'Yangon', 'North Okkalapa', NULL, NULL, NULL),
(39, 185, '60', '2008-07-16', 'Yangon', 'North Okkalapa', NULL, NULL, NULL),
(40, 186, '60', '2008-07-14', 'Mandalay', 'Meikhtila', NULL, NULL, NULL),
(41, 187, '50', '2007-03-16', 'Yangon', 'North Okkalapa', NULL, NULL, NULL),
(42, 188, '60', '2008-07-16', 'Yangon', 'Hlaing', NULL, NULL, NULL),
(43, 189, '50', '2008-07-16', 'Yangon', 'Hlaing', NULL, NULL, NULL),
(44, 190, '60', '2008-07-16', 'Yangon', 'Hlaing', NULL, NULL, NULL),
(45, 191, '50', '2008-07-16', 'Yangon', 'Hlaing', NULL, NULL, NULL),
(46, 192, '50', '2008-07-16', 'Yangon', 'North Okkalapa', NULL, NULL, NULL),
(47, 193, '70', '2008-07-16', 'Yangon', 'Thanlyin', NULL, NULL, NULL),
(48, 194, '50', '2008-07-17', 'Yangon', 'North Okkalapa', NULL, NULL, NULL),
(49, 195, '30', '2008-07-17', 'Mandalay', 'Meikhtila', NULL, NULL, NULL),
(50, 196, '60', '2008-07-17', 'Yangon', 'North Okkalapa', NULL, NULL, NULL),
(51, 197, '80', '2008-07-15', 'Yangon', 'North Okkalapa', NULL, NULL, NULL);

-- --------------------------------------------------------

--
-- Table structure for table `master_data`
--

CREATE TABLE `master_data` (
  `id` int(11) NOT NULL,
  `category` varchar(50) NOT NULL,
  `code` varchar(50) NOT NULL,
  `label` varchar(100) NOT NULL,
  `description` varchar(255) DEFAULT NULL,
  `is_active` tinyint(1) DEFAULT 1,
  `created_at` timestamp NOT NULL DEFAULT current_timestamp()
) ENGINE=InnoDB DEFAULT CHARSET=utf8mb4 COLLATE=utf8mb4_general_ci;

--
-- Dumping data for table `master_data`
--

INSERT INTO `master_data` (`id`, `category`, `code`, `label`, `description`, `is_active`, `created_at`) VALUES
(1, 'STATUS', 'ACTIVE', 'Active', 'Active account', 1, '2026-06-26 06:58:02'),
(2, 'STATUS', 'INACTIVE', 'Inactive', 'Inactive account', 1, '2026-06-26 06:58:02'),
(3, 'STATUS', 'PENDING', 'Pending', 'Waiting for approval', 1, '2026-06-26 06:58:02'),
(4, 'STATUS', 'SUSPENDED', 'Suspended', 'Suspended account', 1, '2026-06-26 06:58:02'),
(5, 'AVAILABILITY', 'AVAILABLE', 'Available', 'Ready to donate', 1, '2026-06-26 06:58:02'),
(6, 'AVAILABILITY', 'UNAVAILABLE', 'Unavailable', 'Currently unavailable', 1, '2026-06-26 06:58:02'),
(7, 'REQUEST_STATUS', 'PENDING', 'Pending', 'Waiting for donor', 1, '2026-06-26 06:58:02'),
(8, 'REQUEST_STATUS', 'ACCEPTED', 'Accepted', 'Donor accepted', 1, '2026-06-26 06:58:02'),
(9, 'REQUEST_STATUS', 'COMPLETED', 'Completed', 'Donation completed', 1, '2026-06-26 06:58:02'),
(10, 'REQUEST_STATUS', 'CANCELLED', 'Cancelled', 'Request cancelled', 1, '2026-06-26 06:58:02'),
(11, 'RESPONSE_STATUS', 'PENDING', 'Pending', 'Waiting for donor response', 1, '2026-06-26 06:58:02'),
(12, 'RESPONSE_STATUS', 'ACCEPTED', 'Accepted', 'Donor accepted', 1, '2026-06-26 06:58:02'),
(13, 'RESPONSE_STATUS', 'DECLINED', 'Declined', 'Donor declined', 1, '2026-06-26 06:58:02'),
(14, 'NOTIFICATION_TYPE', 'REQUEST', 'Blood Request', 'New blood request notification', 1, '2026-06-26 06:58:02'),
(15, 'NOTIFICATION_TYPE', 'APPROVAL', 'Approval', 'Approval notification', 1, '2026-06-26 06:58:02'),
(16, 'NOTIFICATION_TYPE', 'REMINDER', 'Reminder', 'Reminder notification', 1, '2026-06-26 06:58:02'),
(17, 'BLOOD_GROUP', 'A_POS', 'A+', 'A Positive', 1, '2026-06-26 06:58:23'),
(18, 'BLOOD_GROUP', 'A_NEG', 'A-', 'A Negative', 1, '2026-06-26 06:58:23'),
(19, 'BLOOD_GROUP', 'B_POS', 'B+', 'B Positive', 1, '2026-06-26 06:58:23'),
(20, 'BLOOD_GROUP', 'B_NEG', 'B-', 'B Negative', 1, '2026-06-26 06:58:23'),
(21, 'BLOOD_GROUP', 'AB_POS', 'AB+', 'AB Positive', 1, '2026-06-26 06:58:23'),
(22, 'BLOOD_GROUP', 'AB_NEG', 'AB-', 'AB Negative', 1, '2026-06-26 06:58:23'),
(23, 'BLOOD_GROUP', 'O_POS', 'O+', 'O Positive', 1, '2026-06-26 06:58:23'),
(24, 'BLOOD_GROUP', 'O_NEG', 'O-', 'O Negative', 1, '2026-06-26 06:58:23'),
(25, 'URGENCY', 'LOW', 'Low', 'Low priority', 1, '2026-06-26 06:58:46'),
(26, 'URGENCY', 'MEDIUM', 'Medium', 'Medium priority', 1, '2026-06-26 06:58:46'),
(27, 'URGENCY', 'HIGH', 'High', 'High priority', 1, '2026-06-26 06:58:46'),
(28, 'URGENCY', 'CRITICAL', 'Critical', 'Immediate blood needed', 1, '2026-06-26 06:58:46'),
(29, 'MESSAGE_TYPE', 'REQUEST', 'Blood Request', 'New blood request message', 1, '2026-06-26 07:02:21'),
(30, 'MESSAGE_TYPE', 'ACCEPTED', 'Request Accepted', 'Donor accepted the blood request', 1, '2026-06-26 07:02:21'),
(31, 'MESSAGE_TYPE', 'DECLINED', 'Request Declined', 'Donor declined the blood request', 1, '2026-06-26 07:02:21'),
(32, 'MESSAGE_TYPE', 'COMPLETED', 'Donation Completed', 'Donation has been completed', 1, '2026-06-26 07:02:21'),
(33, 'MESSAGE_TYPE', 'REMINDER', 'Reminder', 'Reminder notification', 1, '2026-06-26 07:02:21'),
(34, 'MESSAGE_TYPE', 'ANNOUNCEMENT', 'Announcement', 'General system announcement', 1, '2026-06-26 07:02:21'),
(35, 'MESSAGE_TYPE', 'REQUEST', 'Blood Request', 'New blood request message', 1, '2026-06-26 07:04:43'),
(36, 'MESSAGE_TYPE', 'ACCEPTED', 'Request Accepted', 'Donor accepted the blood request', 1, '2026-06-26 07:04:43'),
(37, 'MESSAGE_TYPE', 'DECLINED', 'Request Declined', 'Donor declined the blood request', 1, '2026-06-26 07:04:43'),
(38, 'MESSAGE_TYPE', 'COMPLETED', 'Donation Completed', 'Donation completed successfully', 1, '2026-06-26 07:04:43'),
(39, 'MESSAGE_TYPE', 'REMINDER', 'Reminder', 'Reminder notification', 1, '2026-06-26 07:04:43'),
(40, 'MESSAGE_TYPE', 'ANNOUNCEMENT', 'Announcement', 'General system announcement', 1, '2026-06-26 07:04:43'),
(41, 'NOTIFICATION_TYPE', 'PROFILE_UPDATE', 'Profile Updated', NULL, 1, '2026-07-03 17:58:23'),
(42, 'REQUEST_STATUS', 'ASSIGNED', 'Assigned', 'Donor assigned by admin, awaiting donor acceptance', 1, '2026-07-16 09:11:57'),
(43, 'NOTIFICATION_TYPE', 'WARNING', 'Warning', 'Warning notification', 1, '2026-07-16 17:30:00'),
(44, 'NOTIFICATION_TYPE', 'GENERAL', 'General', 'General system notification', 1, '2026-07-16 17:30:00'),
(45, 'NOTIFICATION_TYPE', 'USER_ACTION', 'User Action', 'User registration or login activity', 1, '2026-07-16 17:30:00'),
(46, 'NOTIFICATION_TYPE', 'ADMIN_ACTION', 'Admin Action', 'Administrative action notification', 1, '2026-07-16 17:30:00');

-- --------------------------------------------------------

--
-- Table structure for table `notifications`
--

CREATE TABLE `notifications` (
  `notification_id` int(11) NOT NULL,
  `user_id` int(11) NOT NULL,
  `notification_type_id` int(11) NOT NULL,
  `title` varchar(200) DEFAULT NULL,
  `message` text DEFAULT NULL,
  `is_read` tinyint(1) DEFAULT 0,
  `created_at` timestamp NOT NULL DEFAULT current_timestamp(),
  `type` varchar(50) NOT NULL DEFAULT 'general'
) ENGINE=InnoDB DEFAULT CHARSET=utf8mb4 COLLATE=utf8mb4_general_ci;

--
-- Dumping data for table `notifications`
--

INSERT INTO `notifications` (`notification_id`, `user_id`, `notification_type_id`, `title`, `message`, `is_read`, `created_at`, `type`) VALUES
(69, 57, 14, 'New Blood Request', 'New blood request submitted by judy (AB-) and is waiting for matching donors.', 1, '2026-07-06 15:21:12', 'request'),
(71, 57, 14, 'New Blood Request', 'New blood request submitted by nick (B+) and is waiting for matching donors.', 1, '2026-07-06 15:33:48', 'request'),
(73, 57, 14, 'New Blood Request', 'New blood request submitted by dar (O+) and is waiting for matching donors.', 1, '2026-07-06 16:10:57', 'request'),
(75, 57, 14, 'New Blood Request', 'New blood request submitted by ngal (O-) and is waiting for matching donors.', 1, '2026-07-06 16:22:05', 'request'),
(80, 57, 14, 'New Blood Request', 'New blood request submitted by bunny (O+) and is waiting for matching donors.', 1, '2026-07-06 16:52:33', 'request'),
(82, 57, 14, 'New Blood Request', 'New blood request submitted by bb (AB+) and is waiting for matching donors.', 1, '2026-07-06 16:52:56', 'request'),
(84, 57, 14, 'New Blood Request', 'New blood request submitted by bunn (AB-) and is waiting for matching donors.', 1, '2026-07-06 16:53:58', 'request'),
(86, 57, 14, 'New Blood Request', 'New blood request submitted by nommi (O+) and is waiting for matching donors.', 1, '2026-07-06 17:18:50', 'request'),
(88, 57, 14, 'New Blood Request', 'New blood request submitted by dardar (AB+) and is waiting for matching donors.', 1, '2026-07-06 17:37:18', 'request'),
(92, 57, 14, 'New Blood Request', 'New blood request submitted by dar (A+) and is waiting for matching donors.', 1, '2026-07-06 17:43:39', 'request'),
(94, 57, 41, 'Patient Profile Updated', 'dardar updated their profile information.', 1, '2026-07-06 17:57:18', 'profile_update'),
(96, 57, 41, 'Patient Profile Updated', 'bunny updated their profile information.', 1, '2026-07-07 05:11:37', 'profile_update'),
(98, 57, 41, 'Patient Profile Updated', 'dardarwinnhtet updated their profile information.', 1, '2026-07-07 05:13:49', 'profile_update'),
(100, 57, 41, 'Patient Profile Updated', 'kk updated their profile information.', 1, '2026-07-07 05:30:50', 'profile_update'),
(102, 57, 14, 'New Blood Request', 'New blood request submitted by dar (O+) and is waiting for matching donors.', 1, '2026-07-07 07:31:24', 'request'),
(104, 57, 14, 'New Blood Request', 'New blood request submitted by ngal (B+) and is waiting for matching donors.', 1, '2026-07-07 07:34:07', 'request'),
(106, 57, 14, 'New Blood Request', 'New blood request submitted by judy (AB+) and is waiting for matching donors.', 1, '2026-07-07 07:47:45', 'request'),
(108, 57, 14, 'New Blood Request', 'New blood request REQ20260707161950 from kk (AB+)', 1, '2026-07-07 09:49:50', 'request'),
(110, 57, 41, 'Patient Profile Updated', 'dardarwinnhtet1 updated their profile information.', 1, '2026-07-07 10:13:40', 'profile_update'),
(112, 57, 14, 'New Blood Request', 'New blood request REQ20260707171227 from dd (AB+)', 1, '2026-07-07 10:42:27', 'request'),
(114, 57, 14, 'New Blood Request', 'New blood request REQ20260707171315 from judy (O+)', 1, '2026-07-07 10:43:15', 'request'),
(116, 57, 14, 'New Blood Request', 'New blood request REQ20260707171453 from judy (O+)', 1, '2026-07-07 10:44:53', 'request'),
(118, 57, 14, 'New Blood Request', 'New blood request REQ20260707171517 from nick (O+)', 1, '2026-07-07 10:45:17', 'request'),
(120, 57, 14, 'New Blood Request', 'New blood request REQ20260708004052 from kk (AB+)', 1, '2026-07-07 18:10:52', 'request'),
(122, 57, 14, 'New Blood Request', 'New blood request REQ20260708101033 from nick (O-)', 1, '2026-07-08 03:40:33', 'request'),
(126, 57, 41, 'Patient Profile Updated', 'may updated their profile information.', 1, '2026-07-08 06:55:01', 'profile_update'),
(128, 57, 14, 'New Blood Request', 'New blood request REQ20260708132527 from may (AB+)', 1, '2026-07-08 06:55:27', 'request'),
(130, 57, 14, 'New Blood Request', 'New blood request REQ20260708134218 from akari (A+)', 1, '2026-07-08 07:12:19', 'request'),
(132, 57, 14, 'New Blood Request', 'New blood request REQ20260708134812 from akariri (AB+)', 1, '2026-07-08 07:18:12', 'request'),
(134, 57, 14, 'New Blood Request', 'New blood request REQ20260708135434 from kk (AB+)', 1, '2026-07-08 07:24:34', 'request'),
(136, 57, 14, 'New Blood Request', 'New blood request REQ20260708140129 from yy (AB+)', 1, '2026-07-08 07:31:29', 'request'),
(137, 57, 14, 'Blood Request Accepted', 'Blood request REQ20260708140129 has been accepted by donor hsumyatakari.', 1, '2026-07-08 07:31:54', 'request'),
(142, 57, 14, 'New Blood Request', 'New blood request REQ20260708142435 from akari (AB+)', 1, '2026-07-08 07:54:35', 'request'),
(145, 57, 14, 'New Blood Request', 'New blood request REQ20260708142827 from tt (AB+)', 1, '2026-07-08 07:58:27', 'request'),
(146, 57, 14, 'Blood Request Accepted', 'Blood request REQ20260708142827 has been accepted by donor hsumyatakari.', 1, '2026-07-08 07:59:01', 'request'),
(150, 57, 41, 'Donor Profile Updated', 'hsumyatakarilay updated their donor profile information.', 1, '2026-07-08 08:00:10', 'profile_update'),
(151, 57, 14, 'Blood Request Accepted', 'Blood request REQ20260708142435 has been accepted by donor hsumyatakarilay.', 1, '2026-07-08 08:00:39', 'request'),
(155, 57, 41, 'Patient Profile Updated', 'akarilayy updated their profile information.', 1, '2026-07-08 08:05:21', 'profile_update'),
(157, 57, 41, 'Donor Profile Updated', 'hsumyatakar updated their donor profile information.', 1, '2026-07-08 08:05:47', 'profile_update'),
(159, 57, 41, 'Donor Profile Updated', 'hsumyatakary updated their donor profile information.', 1, '2026-07-08 08:06:11', 'profile_update'),
(161, 57, 41, 'Donor Profile Updated', 'hsumyatakari updated their donor profile information.', 1, '2026-07-08 08:06:38', 'profile_update'),
(163, 57, 41, 'Donor Profile Updated', 'hsumyatakarilay updated their donor profile information.', 1, '2026-07-08 08:11:18', 'profile_update'),
(165, 57, 41, 'Donor Profile Updated', 'hsumyatakari updated their donor profile information.', 1, '2026-07-08 08:30:21', 'profile_update'),
(167, 57, 41, 'Patient Profile Updated', 'akarilay updated their profile information.', 1, '2026-07-08 08:33:29', 'profile_update'),
(170, 57, 14, 'New Blood Request', 'New blood request REQ20260708152349 from akari (AB+)', 1, '2026-07-08 08:53:49', 'request'),
(171, 57, 14, 'Blood Request Accepted', 'Blood request REQ20260708152349 has been accepted by donor hsumyatakari.', 1, '2026-07-08 08:54:09', 'request'),
(176, 57, 14, 'New Blood Request', 'New blood request REQ20260708162617 from kaung (AB+)', 1, '2026-07-08 09:56:17', 'request'),
(179, 57, 14, 'New Blood Request', 'New blood request REQ20260708162654 from yy (AB+)', 1, '2026-07-08 09:56:54', 'request'),
(181, 57, 14, 'New Blood Request', 'New blood request REQ20260708163118 from akari (O-)', 1, '2026-07-08 10:01:18', 'request'),
(182, 57, 14, 'Blood Request Accepted', 'Blood request REQ20260708162654 has been accepted by donor hsumyatakari.', 1, '2026-07-08 10:02:09', 'request'),
(185, 57, 14, 'Blood Request Accepted', 'Blood request REQ20260708162617 has been accepted by donor hsumyatakari.', 1, '2026-07-08 10:02:21', 'request'),
(190, 57, 14, 'New Blood Request', 'New blood request REQ20260708163841 from kk (AB+)', 1, '2026-07-08 10:08:41', 'request'),
(191, 57, 14, 'Blood Request Accepted', 'Blood request REQ20260708163841 has been accepted by donor hsumyatakari.', 1, '2026-07-08 10:09:16', 'request'),
(195, 57, 14, 'New Blood Request', 'New blood request REQ20260708231304 from kk (A+)', 1, '2026-07-08 16:43:04', 'request'),
(196, 57, 14, 'Blood Request Accepted', 'Blood request REQ20260708231304 has been accepted by donor dd.', 1, '2026-07-08 16:45:40', 'request'),
(201, 57, 14, 'New Blood Request', 'New blood request REQ20260708232910 from kk (A+)', 1, '2026-07-08 16:59:10', 'request'),
(202, 57, 14, 'Blood Request Accepted', 'Blood request REQ20260708232910 has been accepted by donor dd.', 1, '2026-07-08 17:01:02', 'request'),
(206, 57, 41, 'Patient Profile Updated', 'kay updated their profile information.', 1, '2026-07-08 17:12:21', 'profile_update'),
(209, 57, 14, 'New Blood Request', 'New blood request REQ20260708234301 from nn (A+)', 1, '2026-07-08 17:13:01', 'request'),
(211, 57, 41, 'Donor Profile Updated', 'dar updated their donor profile information.', 1, '2026-07-08 17:13:36', 'profile_update'),
(213, 57, 41, 'Patient Profile Updated', 'kayy updated their profile information.', 1, '2026-07-08 17:16:02', 'profile_update'),
(215, 57, 41, 'Donor Profile Updated', 'darr updated their donor profile information.', 1, '2026-07-08 17:16:43', 'profile_update'),
(216, 57, 14, 'Blood Request Accepted', 'Blood request REQ20260708234301 has been accepted by donor darr.', 1, '2026-07-08 17:16:57', 'request'),
(221, 57, 14, 'New Blood Request', 'New blood request REQ20260709002452 from kaung (A+)', 1, '2026-07-08 17:54:52', 'request'),
(222, 57, 14, 'Blood Request Accepted', 'Blood request REQ20260709002452 has been accepted by donor darr.', 1, '2026-07-08 17:55:55', 'request'),
(227, 57, 14, 'New Blood Request', 'New blood request REQ20260709091944 from nn (B+)', 1, '2026-07-09 02:49:44', 'request'),
(228, 57, 14, 'Blood Request Accepted', 'Blood request REQ20260709091944 has been accepted and assigned to donor nick.', 1, '2026-07-09 02:52:48', 'request'),
(233, 57, 14, 'New Blood Request', 'New blood request REQ20260709092426 from yy (A+)', 1, '2026-07-09 02:54:26', 'request'),
(235, 57, 14, 'New Blood Request', 'New blood request REQ20260709092447 from tt (A-)', 1, '2026-07-09 02:54:47', 'request'),
(236, 57, 14, 'Blood Request Accepted', 'Blood request REQ20260709092426 has been accepted and assigned to donor darr.', 1, '2026-07-09 02:55:39', 'request'),
(241, 57, 14, 'New Blood Request', 'New blood request REQ20260709092928 from kk (A+)', 1, '2026-07-09 02:59:28', 'request'),
(242, 57, 14, 'Blood Request Accepted', 'Blood request REQ20260709092928 has been accepted and assigned to donor darr.', 1, '2026-07-09 03:00:31', 'request'),
(247, 57, 14, 'New Blood Request', 'New blood request REQ20260709093131 from yy (A+)', 1, '2026-07-09 03:01:31', 'request'),
(248, 57, 14, 'Blood Request Accepted', 'Blood request REQ20260709093131 has been accepted and assigned to donor darr.', 1, '2026-07-09 03:01:58', 'request'),
(253, 57, 14, 'New Blood Request', 'New blood request REQ20260709093611 from akari (A+)', 1, '2026-07-09 03:06:11', 'request'),
(254, 57, 14, 'Blood Request Accepted', 'Blood request REQ20260709093611 has been accepted and assigned to donor darr.', 1, '2026-07-09 03:06:36', 'request'),
(259, 57, 14, 'New Blood Request', 'New blood request REQ20260709095641 from kk (A+)', 1, '2026-07-09 03:26:41', 'request'),
(260, 57, 14, 'Blood Request Assigned', 'Blood request REQ20260709095641 has been assigned to donor darr and is waiting for donor acceptance.', 1, '2026-07-09 03:27:06', 'request'),
(263, 57, 14, 'Blood Request Accepted', 'Blood request REQ20260709095641 has been accepted by donor darr.', 1, '2026-07-09 03:27:31', 'request'),
(268, 57, 14, 'New Blood Request', 'New blood request REQ20260709095919 from kaung (A+)', 1, '2026-07-09 03:29:19', 'request'),
(269, 57, 14, 'Blood Request Assigned', 'Blood request REQ20260709095919 has been assigned to donor darr and is waiting for donor acceptance.', 1, '2026-07-09 03:30:25', 'request'),
(272, 57, 14, 'Blood Request Accepted', 'Blood request REQ20260709095919 has been accepted by donor darr.', 1, '2026-07-09 03:30:53', 'request'),
(275, 57, 14, 'Blood Request Accepted', 'Blood request REQ20260708134218 has been accepted by donor darr.', 1, '2026-07-09 04:04:28', 'request'),
(279, 57, 14, 'New Blood Request', 'New blood request REQ20260709104411 from nn (A+)', 1, '2026-07-09 04:14:11', 'request'),
(282, 57, 14, 'New Blood Request', 'New blood request REQ20260709104517 from yy (O+)', 1, '2026-07-09 04:15:17', 'request'),
(283, 57, 14, 'Blood Request Assigned', 'Blood request REQ20260709104517 has been assigned to donor judy and is waiting for donor acceptance.', 1, '2026-07-09 04:15:39', 'request'),
(286, 57, 14, 'Blood Request Accepted', 'Blood request REQ20260709104517 has been accepted by donor judy.', 1, '2026-07-09 04:35:57', 'request'),
(290, 57, 14, 'New Blood Request', 'New blood request REQ20260709110842 from yy (O-)', 1, '2026-07-09 04:38:42', 'request'),
(291, 57, 14, 'Blood Request Assigned', 'Blood request REQ20260709110842 has been assigned to donor kay and is waiting for donor acceptance.', 1, '2026-07-09 04:43:34', 'request'),
(294, 57, 14, 'Blood Request Accepted', 'Blood request REQ20260709110842 has been accepted by donor kay.', 1, '2026-07-09 04:44:18', 'request'),
(299, 57, 14, 'New Blood Request', 'New blood request REQ20260709113335 from nn (AB+)', 1, '2026-07-09 05:03:35', 'request'),
(300, 57, 14, 'Blood Request Accepted', 'Blood request REQ20260709113335 has been accepted by donor aliceko.', 1, '2026-07-09 05:05:46', 'request'),
(304, 57, 14, 'New Blood Request', 'New blood request REQ20260709120531 from tt (AB+)', 1, '2026-07-09 05:35:31', 'request'),
(305, 57, 14, 'Blood Request Accepted', 'Blood request REQ20260709120531 has been accepted by donor aliceko.', 1, '2026-07-09 05:35:45', 'request'),
(309, 57, 41, 'Donor Profile Updated', 'nick updated their donor profile information.', 1, '2026-07-09 07:04:35', 'profile_update'),
(311, 57, 14, 'New Blood Request', 'New blood request REQ20260709133758 from juu (AB+)', 1, '2026-07-09 07:07:58', 'request'),
(313, 57, 41, 'Patient Profile Updated', 'judy updated their profile information.', 1, '2026-07-09 07:08:32', 'profile_update'),
(315, 57, 14, 'New Blood Request', 'New blood request REQ20260709133950 from juu (B+)', 1, '2026-07-09 07:09:50', 'request'),
(316, 57, 14, 'Blood Request Accepted', 'Blood request REQ20260709133950 has been accepted by donor nick.', 1, '2026-07-09 07:11:00', 'request'),
(320, 57, 14, 'New Blood Request', 'New blood request REQ20260709134157 from dd (A-)', 1, '2026-07-09 07:11:57', 'request'),
(321, 57, 14, 'Blood Request Accepted', 'Blood request REQ20260709133758 has been accepted by donor Unknown donor.', 1, '2026-07-09 07:17:23', 'request'),
(326, 57, 41, 'Patient Profile Updated', 'judyy updated their profile information.', 1, '2026-07-09 07:18:43', 'profile_update'),
(327, 57, 41, 'Donor Profile Updated', 'hsumyatakari updated their donor profile information.', 1, '2026-07-09 07:20:01', 'profile_update'),
(328, 57, 41, 'Donor Profile Updated', 'hsumyatakari updated their donor profile information.', 1, '2026-07-09 07:20:07', 'profile_update'),
(331, 57, 14, 'New Blood Request', 'New blood request REQ20260709135505 from juudy (AB-)', 1, '2026-07-09 07:25:05', 'request'),
(332, 57, 14, 'Blood Request Assigned', 'Blood request REQ20260709135505 has been assigned to donor nicky and is waiting for donor acceptance.', 1, '2026-07-09 07:26:04', 'request'),
(335, 57, 14, 'Blood Request Accepted', 'Blood request REQ20260709135505 has been accepted by donor nicky.', 1, '2026-07-09 07:26:20', 'request'),
(339, 57, 14, 'New Blood Request', 'New blood request REQ20260709141748 from jue (A+)', 1, '2026-07-09 07:47:48', 'request'),
(340, 57, 14, 'Blood Request Assigned', 'Blood request REQ20260709141748 has been assigned to donor nickyy and is waiting for donor acceptance.', 1, '2026-07-09 07:50:19', 'request'),
(343, 57, 14, 'Blood Request Accepted', 'Blood request REQ20260709141748 has been accepted by donor nickyy.', 1, '2026-07-09 07:50:40', 'request'),
(347, 57, 41, 'Donor Profile Updated', 'nickyy updated their donor profile information.', 1, '2026-07-09 07:52:08', 'profile_update'),
(349, 57, 41, 'Donor Profile Updated', 'nicckyy updated their donor profile information.', 1, '2026-07-09 07:52:28', 'profile_update'),
(351, 57, 41, 'Donor Profile Updated', 'nickyy updated their donor profile information.', 1, '2026-07-09 07:52:41', 'profile_update'),
(353, 57, 41, 'Donor Profile Updated', 'nickyy updated their donor profile information.', 1, '2026-07-09 07:52:58', 'profile_update'),
(355, 57, 41, 'Donor Profile Updated', 'nickyy updated their donor profile information.', 1, '2026-07-09 07:53:17', 'profile_update'),
(357, 57, 14, 'New Blood Request', 'New blood request REQ20260709143003 from nn (O+)', 1, '2026-07-09 08:00:03', 'request'),
(359, 57, 14, 'New Blood Request', 'New blood request REQ20260709143249 from tt (A+)', 1, '2026-07-09 08:02:49', 'request'),
(360, 57, 14, 'Blood Request Assigned', 'Blood request REQ20260709143003 has been assigned to donor dar and is waiting for donor acceptance.', 1, '2026-07-09 08:03:42', 'request'),
(363, 57, 14, 'Blood Request Accepted', 'Blood request REQ20260709143003 has been accepted by donor dar.', 1, '2026-07-09 08:04:09', 'request'),
(367, 57, 14, 'New Blood Request', 'New blood request REQ20260709144920 from nn (B+)', 1, '2026-07-09 08:19:20', 'request'),
(369, 57, 14, 'New Blood Request', 'New blood request REQ20260709144946 from akari (A-)', 1, '2026-07-09 08:19:46', 'request'),
(371, 57, 14, 'New Blood Request', 'New blood request REQ20260709145032 from kk (AB+)', 1, '2026-07-09 08:20:32', 'request'),
(374, 57, 14, 'New Blood Request', 'New blood request REQ20260709152056 from nn (AB-)', 1, '2026-07-09 08:50:56', 'request'),
(375, 57, 14, 'Blood Request Assigned', 'Blood request REQ20260709152056 has been assigned to donor dardar and is waiting for donor acceptance.', 1, '2026-07-09 08:51:34', 'request'),
(379, 57, 14, 'New Blood Request', 'New blood request REQ20260709155504 from nn (B+)', 1, '2026-07-09 09:25:04', 'request'),
(381, 57, 41, 'Patient Profile Updated', 'kay kay updated their profile information.', 1, '2026-07-09 09:55:00', 'profile_update'),
(382, 57, 14, 'Blood Request Assigned', 'Blood request REQ20260709155504 has been assigned to donor dardarwinhtet and is waiting for donor acceptance.', 1, '2026-07-09 10:28:26', 'request'),
(385, 57, 14, 'Blood Request Accepted', 'Blood request REQ20260709152056 has been accepted by donor dardar.', 1, '2026-07-09 10:28:45', 'request'),
(390, 57, 14, 'New Blood Request', 'New blood request REQ20260709173646 from yy (O-)', 1, '2026-07-09 11:06:46', 'request'),
(391, 57, 14, 'Blood Request Assigned', 'Blood request REQ20260709173646 has been assigned to donor bady and is waiting for donor acceptance.', 1, '2026-07-09 11:07:27', 'request'),
(394, 57, 14, 'Blood Request Accepted', 'Blood request REQ20260709173646 has been accepted by donor bady.', 1, '2026-07-09 11:07:50', 'request'),
(398, 57, 41, 'Patient Profile Updated', 'kay updated their profile information.', 1, '2026-07-09 17:09:45', 'profile_update'),
(400, 57, 14, 'New Blood Request', 'New blood request REQ20260709234822 from kk (O-)', 1, '2026-07-09 17:18:22', 'request'),
(401, 57, 14, 'Blood Request Accepted', 'Blood request REQ20260709234822 has been accepted by donor bady.', 1, '2026-07-09 17:21:40', 'request'),
(406, 57, 14, 'New Blood Request', 'New blood request REQ20260709235422 from nn (B-)', 1, '2026-07-09 17:24:22', 'request'),
(407, 57, 14, 'Blood Request Assigned', 'Blood request REQ20260709235422 has been assigned to donor dodo and is waiting for donor acceptance.', 1, '2026-07-09 17:25:19', 'request'),
(410, 57, 14, 'Blood Request Accepted', 'Blood request REQ20260709235422 has been accepted by donor dodo.', 1, '2026-07-09 17:25:57', 'request'),
(414, 57, 41, 'Patient Profile Updated', 'kay kay updated their profile information.', 1, '2026-07-09 17:35:19', 'profile_update'),
(416, 57, 41, 'Patient Profile Updated', 'kay updated their profile information.', 1, '2026-07-10 02:56:45', 'profile_update'),
(418, 57, 41, 'Patient Profile Updated', 'kay updated their profile information.', 1, '2026-07-10 03:40:56', 'profile_update'),
(420, 57, 41, 'Patient Profile Updated', 'linalina updated their profile information.', 1, '2026-07-10 03:43:19', 'profile_update'),
(422, 57, 14, 'New Blood Request', 'New blood request REQ20260710101340 from lina (AB+)', 1, '2026-07-10 03:43:40', 'request'),
(424, 57, 14, 'Blood Request Assigned', 'Blood request REQ20260710101340 has been assigned to donor aliceko and is waiting for donor acceptance.', 1, '2026-07-10 03:53:09', 'request'),
(427, 57, 14, 'Blood Request Accepted', 'Blood request REQ20260710101340 has been accepted by donor aliceko.', 1, '2026-07-10 03:53:39', 'request'),
(430, 57, 14, 'Blood Request Accepted', 'Blood request REQ20260709145032 has been accepted by donor aliceko.', 1, '2026-07-10 03:53:55', 'request'),
(435, 57, 14, 'New Blood Request', 'New blood request REQ20260710102903 from kay (O+)', 1, '2026-07-10 03:59:03', 'request'),
(438, 57, 14, 'Blood Request Assigned', 'Blood request REQ20260710102903 has been assigned to donor kaung and is waiting for donor acceptance.', 1, '2026-07-10 04:01:09', 'request'),
(441, 57, 14, 'Blood Request Accepted', 'Blood request REQ20260710102903 has been accepted by donor kaung.', 1, '2026-07-10 04:01:38', 'request'),
(445, 57, 14, 'New Blood Request', 'New blood request REQ20260710103243 from kk (O+)', 1, '2026-07-10 04:02:43', 'request'),
(448, 57, 14, 'New Blood Request', 'New blood request REQ20260710104234 from akari (O+)', 1, '2026-07-10 04:12:34', 'request'),
(451, 57, 14, 'New Blood Request', 'New blood request REQ20260710105301 from yy (B+)', 1, '2026-07-10 04:23:02', 'request'),
(452, 57, 14, 'Blood Request Accepted', 'Blood request REQ20260710105301 has been accepted by donor bobo.', 1, '2026-07-10 04:25:19', 'request'),
(455, 57, 14, 'Blood Request Accepted', 'Blood request REQ20260709155504 has been accepted by donor bobo.', 1, '2026-07-10 04:25:49', 'request'),
(459, 57, 14, 'New Blood Request', 'New blood request REQ20260710105641 from kk (B+)', 1, '2026-07-10 04:26:41', 'request'),
(462, 57, 16, 'Request Cancelled', 'A blood request has been cancelled by the patient.', 1, '2026-07-10 04:29:45', 'reminder'),
(463, 57, 14, 'Blood Request Accepted', 'Blood request REQ20260709144920 has been accepted by donor lwinlwin.', 1, '2026-07-10 04:30:17', 'request'),
(468, 57, 14, 'New Blood Request', 'New blood request REQ20260710110751 from kk (B+)', 1, '2026-07-10 04:37:51', 'request'),
(471, 57, 14, 'New Blood Request', 'New blood request REQ20260710110839 from kk (B+)', 1, '2026-07-10 04:38:39', 'request'),
(473, 57, 16, 'Request Cancelled', 'A blood request has been cancelled by the patient.', 1, '2026-07-10 04:39:44', 'reminder'),
(474, 57, 14, 'Blood Request Accepted', 'Blood request REQ20260710110751 has been accepted by donor zawzaw.', 1, '2026-07-10 04:40:31', 'request'),
(478, 57, 14, 'New Blood Request', 'New blood request REQ20260710111302 from kay (A+)', 1, '2026-07-10 04:43:02', 'request'),
(480, 57, 16, 'Request Cancelled', 'kay has cancelled their blood request.', 1, '2026-07-10 04:47:23', 'reminder'),
(483, 57, 14, 'New Blood Request', 'New blood request REQ20260710111824 from kk (A+)', 1, '2026-07-10 04:48:24', 'request'),
(485, 57, 41, 'Patient Profile Updated', 'kk updated their profile information.', 1, '2026-07-10 04:50:26', 'profile_update'),
(487, 57, 16, 'Request Cancelled', 'kk has cancelled their blood request.', 1, '2026-07-10 04:50:49', 'reminder'),
(490, 57, 14, 'New Blood Request', 'New blood request REQ20260710112354 from kk (A+)', 1, '2026-07-10 04:53:54', 'request'),
(493, 57, 16, 'Request Cancelled', 'kk has cancelled their A+ blood request.', 1, '2026-07-10 04:54:36', 'reminder'),
(496, 57, 14, 'New Blood Request', 'New blood request REQ20260710112507 from kk (A+)', 1, '2026-07-10 04:55:07', 'request'),
(498, 57, 14, 'Blood Request Assigned', 'Blood request REQ20260709143249 has been assigned to donor myo and is waiting for donor acceptance.', 1, '2026-07-10 04:56:02', 'request'),
(501, 57, 14, 'Blood Request Accepted', 'Blood request REQ20260709143249 has been accepted by donor myo.', 1, '2026-07-10 04:56:46', 'request'),
(505, 57, 41, 'Patient Profile Updated', 'Kay Kay updated their profile information.', 1, '2026-07-10 14:32:44', 'profile_update'),
(507, 57, 41, 'Donor Profile Updated', 'Htet Nandar Winn updated their donor profile information.', 1, '2026-07-10 14:36:47', 'profile_update'),
(510, 57, 14, 'New Blood Request', 'New blood request REQ20260710210931 from Kay Kay (A+)', 1, '2026-07-10 14:39:31', 'request'),
(513, 57, 16, 'Request Cancelled', 'Kay Kay has cancelled their A+ blood request.', 1, '2026-07-10 14:40:16', 'reminder'),
(516, 57, 14, 'New Blood Request', 'New blood request REQ20260710211236 from Kay Kay (A+)', 1, '2026-07-10 14:42:36', 'request'),
(518, 57, 14, 'Blood Request Assigned', 'Blood request REQ20260710211236 has been assigned to donor Htet Nandar Winn and is waiting for donor acceptance.', 1, '2026-07-10 14:45:55', 'request'),
(521, 57, 14, 'Blood Request Accepted', 'Blood request REQ20260710211236 has been accepted by donor Htet Nandar Winn.', 1, '2026-07-10 14:46:59', 'request'),
(525, 57, 41, 'Donor Profile Updated', 'Dar Dar updated their donor profile information.', 1, '2026-07-10 15:13:44', 'profile_update'),
(526, 57, 14, 'Blood Request Assigned', 'Blood request REQ20260709144946 has been assigned to donor Dar Dar and is waiting for donor acceptance.', 1, '2026-07-10 15:15:03', 'request'),
(529, 57, 14, 'Blood Request Accepted', 'Blood request REQ20260709144946 has been accepted by donor Dar Dar.', 1, '2026-07-10 15:15:47', 'request'),
(533, 57, 41, 'Donor Profile Updated', 'Bunny updated their donor profile information.', 1, '2026-07-10 15:34:19', 'profile_update'),
(534, 57, 14, 'Blood Request Assigned', 'Blood request REQ20260710112507 has been assigned to donor Bunny and is waiting for donor acceptance.', 1, '2026-07-10 15:34:54', 'request'),
(537, 57, 14, 'Blood Request Accepted', 'Blood request REQ20260710112507 has been accepted by donor Bunny.', 1, '2026-07-10 15:35:19', 'request'),
(541, 57, 14, 'New Blood Request', 'New blood request REQ20260711001235 from Kay Kay (AB-)', 1, '2026-07-10 17:42:35', 'request'),
(544, 57, 16, 'Request Cancelled', 'Kay Kay has cancelled their AB- blood request.', 1, '2026-07-10 17:45:56', 'reminder'),
(546, 57, 14, 'New Blood Request', 'New blood request REQ20260711001629 from Kay Kay (A+)', 1, '2026-07-10 17:46:29', 'request'),
(548, 57, 16, 'Request Cancelled', 'Kay Kay has cancelled their A+ blood request.', 1, '2026-07-10 17:59:30', 'reminder'),
(550, 57, 41, 'Donor Profile Updated', 'Mayple MP updated their donor profile information.', 1, '2026-07-10 18:03:59', 'profile_update'),
(553, 57, 14, 'New Blood Request', 'New blood request REQ20260711165423 from Mayple (AB-)', 1, '2026-07-11 10:24:23', 'request'),
(557, 57, 16, 'Request Cancelled', 'Mayple has cancelled their AB- blood request.', 1, '2026-07-11 10:28:38', 'reminder'),
(560, 57, 14, 'New Blood Request', 'New blood request REQ20260711165929 from Mayple (AB-)', 1, '2026-07-11 10:29:29', 'request'),
(561, 57, 14, 'Blood Request Assigned', 'Blood request REQ20260711165929 has been assigned to donor Lina Lina and is waiting for donor acceptance.', 1, '2026-07-11 10:30:55', 'request'),
(564, 57, 14, 'Blood Request Accepted', 'Blood request REQ20260711165929 has been accepted by donor Lina Lina.', 1, '2026-07-11 10:31:20', 'request'),
(568, 57, 41, 'Donor Profile Updated', 'Lina Lina updated their donor profile information.', 1, '2026-07-11 10:33:26', 'profile_update'),
(570, 57, 41, 'Patient Profile Updated', 'Mayple MP updated their profile information.', 1, '2026-07-11 10:34:17', 'profile_update'),
(571, 57, 41, 'Donor Profile Updated', 'Htet Nandar Winn updated their donor profile information.', 1, '2026-07-11 11:23:28', 'profile_update'),
(572, 57, 41, 'Donor Profile Updated', 'Htet Nandar updated their donor profile information.', 1, '2026-07-11 11:23:46', 'profile_update'),
(573, 57, 41, 'Donor Profile Updated', 'Htet Nandar Winn updated their donor profile information.', 1, '2026-07-11 11:24:30', 'profile_update'),
(575, 57, 41, 'Patient Profile Updated', 'Sakura updated their profile information.', 1, '2026-07-11 11:24:57', 'profile_update'),
(577, 57, 14, 'New Blood Request', 'New blood request REQ20260711175535 from Sakura (AB+)', 1, '2026-07-11 11:25:35', 'request'),
(579, 57, 41, 'Patient Profile Updated', 'Sakura updated their profile information.', 1, '2026-07-11 11:25:56', 'profile_update'),
(581, 57, 41, 'Donor Profile Updated', 'sam sam updated their donor profile information.', 1, '2026-07-11 11:28:50', 'profile_update'),
(583, 57, 16, 'Request Cancelled', 'Sakura has cancelled their AB+ blood request.', 1, '2026-07-11 11:31:18', 'reminder'),
(587, 57, 14, 'New Blood Request', 'New blood request REQ20260711180215 from Sakura (O-)', 1, '2026-07-11 11:32:15', 'request'),
(588, 57, 14, 'Blood Request Assigned', 'Blood request REQ20260711180215 has been assigned to donor sam sam and is waiting for donor acceptance.', 1, '2026-07-11 11:34:43', 'request'),
(591, 57, 14, 'Blood Request Accepted', 'Blood request REQ20260711180215 has been accepted by donor sam sam.', 1, '2026-07-11 11:35:38', 'request'),
(596, 57, 14, 'New Blood Request', 'New blood request REQ20260711180704 from Sakura (O-)', 1, '2026-07-11 11:37:04', 'request'),
(599, 57, 16, 'Request Cancelled', 'Sakura has cancelled their O- blood request.', 1, '2026-07-11 11:37:24', 'reminder'),
(602, 57, 14, 'New Blood Request', 'New blood request REQ20260711180812 from Sakura (O-)', 1, '2026-07-11 11:38:12', 'request'),
(606, 57, 16, 'Request Cancelled', 'Sakura has cancelled their O- blood request.', 1, '2026-07-11 11:50:32', 'reminder'),
(609, 57, 14, 'New Blood Request', 'New blood request REQ20260711182106 from Sakura (O-)', 1, '2026-07-11 11:51:06', 'request'),
(610, 57, 14, 'Blood Request Assigned', 'Blood request REQ20260711182106 has been assigned to donor Ryou You and is waiting for donor acceptance.', 1, '2026-07-11 11:51:27', 'request'),
(616, 57, 16, 'Request Cancelled', 'Sakura has cancelled their O- blood request.', 1, '2026-07-11 11:53:33', 'reminder'),
(619, 57, 14, 'New Blood Request', 'New blood request REQ20260711182432 from Sakura (O-)', 1, '2026-07-11 11:54:32', 'request'),
(622, 57, 16, 'Request Cancelled', 'Sakura has cancelled their O- blood request.', 1, '2026-07-11 11:59:37', 'reminder'),
(625, 57, 14, 'New Blood Request', 'New blood request REQ20260711183013 from Sakura (O-)', 1, '2026-07-11 12:00:13', 'request'),
(626, 57, 14, 'Blood Request Assigned', 'Blood request REQ20260711183013 has been assigned to donor Ryou You and is waiting for donor acceptance.', 1, '2026-07-11 12:00:47', 'request'),
(629, 57, 14, 'Blood Request Accepted', 'Blood request REQ20260711183013 has been accepted by donor Ryou You.', 1, '2026-07-11 12:01:21', 'request'),
(633, 57, 41, 'Patient Profile Updated', 'Kay Kay updated their profile information.', 1, '2026-07-11 15:15:15', 'profile_update'),
(635, 57, 41, 'Donor Profile Updated', 'Dar Dar updated their donor profile information.', 1, '2026-07-11 15:15:44', 'profile_update'),
(638, 57, 14, 'New Blood Request', 'New blood request REQ20260711214620 from Kay Kay (O+)', 1, '2026-07-11 15:16:20', 'request'),
(642, 57, 16, 'Request Cancelled', 'Kay Kay has cancelled their O+ blood request.', 1, '2026-07-11 15:17:39', 'reminder'),
(645, 57, 14, 'New Blood Request', 'New blood request REQ20260711214829 from Kay Kay (O+)', 1, '2026-07-11 15:18:29', 'request'),
(646, 57, 14, 'Blood Request Assigned', 'Blood request REQ20260711214829 has been assigned to donor Dar Dar and is waiting for donor acceptance.', 1, '2026-07-11 15:19:11', 'request'),
(649, 57, 14, 'Blood Request Accepted', 'Blood request REQ20260711214829 has been accepted by donor Dar Dar.', 1, '2026-07-11 15:19:26', 'request'),
(653, 57, 41, 'Patient Profile Updated', 'Mayple updated their profile information.', 1, '2026-07-11 16:44:24', 'profile_update'),
(656, 57, 14, 'New Blood Request', 'New blood request REQ20260711231600 from Mayple (B-)', 1, '2026-07-11 16:46:00', 'request'),
(660, 57, 16, 'Request Cancelled', 'Mayple has cancelled their B- blood request.', 1, '2026-07-11 16:48:25', 'reminder'),
(663, 57, 14, 'New Blood Request', 'New blood request REQ20260711231920 from Kay Kay (B-)', 1, '2026-07-11 16:49:20', 'request'),
(664, 57, 14, 'Blood Request Assigned', 'Blood request REQ20260711231920 has been assigned to donor Dar Dar and is waiting for donor acceptance.', 1, '2026-07-11 16:49:57', 'request'),
(667, 57, 14, 'Blood Request Accepted', 'Blood request REQ20260711231920 has been accepted by donor Dar Dar.', 1, '2026-07-11 16:50:30', 'request'),
(671, 57, 41, 'Patient Profile Updated', 'Kay Kay updated their profile information.', 1, '2026-07-12 14:13:11', 'profile_update'),
(673, 57, 41, 'Donor Profile Updated', 'Dar Dar updated their donor profile information.', 1, '2026-07-12 14:13:50', 'profile_update'),
(676, 57, 14, 'New Blood Request', 'New blood request REQ20260712205514 from Kay Kay (B+)', 1, '2026-07-12 14:25:14', 'request'),
(681, 57, 16, 'Request Cancelled', 'Kay Kay has cancelled their B+ blood request.', 1, '2026-07-12 14:27:44', 'reminder'),
(684, 57, 14, 'New Blood Request', 'New blood request REQ20260712205852 from Kay Kay (B+)', 1, '2026-07-12 14:28:52', 'request'),
(685, 57, 14, 'Blood Request Assigned', 'Blood request REQ20260712205852 has been assigned to donor Dar Dar and is waiting for donor acceptance.', 1, '2026-07-12 14:29:11', 'request'),
(688, 57, 14, 'Blood Request Accepted', 'Blood request REQ20260712205852 has been accepted by donor Dar Dar.', 1, '2026-07-12 14:29:52', 'request'),
(692, 57, 41, 'Patient Profile Updated', 'Kay Kay updated their profile information.', 1, '2026-07-13 02:57:12', 'profile_update'),
(695, 57, 14, 'New Blood Request', 'New blood request REQ20260713092756 from Kay Kay (AB+)', 1, '2026-07-13 02:57:56', 'request'),
(699, 57, 16, 'Request Cancelled', 'Kay Kay has cancelled their AB+ blood request.', 1, '2026-07-13 02:58:27', 'reminder'),
(702, 57, 14, 'New Blood Request', 'New blood request REQ20260713092913 from Kay Kay (AB+)', 1, '2026-07-13 02:59:14', 'request'),
(703, 57, 14, 'Blood Request Assigned', 'Blood request REQ20260713092913 has been assigned to donor Bunny and is waiting for donor acceptance.', 1, '2026-07-13 03:00:04', 'request'),
(706, 57, 14, 'Blood Request Accepted', 'Blood request REQ20260713092913 has been accepted by donor Bunny.', 1, '2026-07-13 03:01:15', 'request'),
(710, 57, 41, 'Donor Profile Updated', 'Bunny updated their donor profile information.', 1, '2026-07-13 03:02:15', 'profile_update'),
(712, 57, 14, 'New Blood Request', 'New blood request REQ20260713101713 from Kay Kay (AB+)', 1, '2026-07-13 03:47:13', 'request'),
(715, 57, 16, 'Request Cancelled', 'Kay Kay has cancelled their AB+ blood request.', 1, '2026-07-13 04:17:01', 'reminder'),
(717, 57, 14, 'New Blood Request', 'New blood request REQ20260713104715 from Kay Kay (B+)', 1, '2026-07-13 04:17:15', 'request'),
(719, 57, 14, 'New Blood Request', 'New blood request REQ20260713110657 from Mayple (B+)', 1, '2026-07-13 04:36:57', 'request'),
(720, 57, 14, 'Blood Request Assigned', 'Blood request REQ20260713110657 has been assigned to donor Ryou You and is waiting for donor acceptance.', 1, '2026-07-13 05:05:40', 'request'),
(723, 57, 14, 'Blood Request Accepted', 'Blood request REQ20260713110657 has been accepted by donor Ryou You.', 1, '2026-07-13 05:06:19', 'request'),
(726, 57, 14, 'Blood Request Assigned', 'Blood request REQ20260710111824 has been assigned to donor Bunny and is waiting for donor acceptance.', 1, '2026-07-13 05:18:46', 'request'),
(729, 57, 14, 'Blood Request Assigned', 'Blood request REQ20260710111302 has been assigned to donor Bunny and is waiting for donor acceptance.', 1, '2026-07-13 05:19:21', 'request'),
(732, 57, 14, 'Blood Request Assigned', 'Blood request REQ20260710112354 has been assigned to donor Bunny and is waiting for donor acceptance.', 1, '2026-07-13 05:20:04', 'request'),
(735, 57, 14, 'Blood Request Assigned', 'Blood request REQ20260710112507 has been assigned to donor Bunny and is waiting for donor acceptance.', 1, '2026-07-13 05:21:28', 'request'),
(738, 57, 14, 'Blood Request Accepted', 'Blood request REQ20260710112507 has been accepted by donor Bunny.', 1, '2026-07-13 05:21:44', 'request'),
(742, 57, 16, 'Request Cancelled', 'Kay Kay has cancelled their B+ blood request.', 1, '2026-07-13 05:26:54', 'reminder'),
(745, 57, 14, 'New Blood Request', 'New blood request REQ20260713115754 from Kay Kay (B+)', 1, '2026-07-13 05:27:54', 'request'),
(748, 57, 16, 'Request Cancelled', 'Kay Kay has cancelled their B+ blood request.', 1, '2026-07-13 05:28:43', 'reminder'),
(750, 57, 14, 'New Blood Request', 'New blood request REQ20260713120700 from Kay Kay (A-)', 1, '2026-07-13 05:37:00', 'request'),
(752, 57, 16, 'Request Deleted', 'Pending blood request REQ20260713120700 was deleted by admin.', 1, '2026-07-13 05:38:37', 'reminder'),
(754, 57, 14, 'New Blood Request', 'New blood request REQ20260713121117 from Kay Kay (O-)', 1, '2026-07-13 05:41:17', 'request'),
(756, 57, 16, 'Request Deleted', 'Pending blood request REQ20260713121117 was deleted by admin.', 1, '2026-07-13 05:45:43', 'reminder'),
(759, 57, 14, 'New Blood Request', 'New blood request REQ20260713121901 from Kay Kay (O-)', 1, '2026-07-13 05:49:01', 'request'),
(762, 57, 16, 'Request Deleted', 'Pending blood request REQ20260713121901 was deleted by admin.', 1, '2026-07-13 05:49:39', 'reminder'),
(764, 57, 16, 'Request Deleted', 'Pending blood request REQ20260710112354 was deleted by admin.', 1, '2026-07-13 05:50:54', 'reminder'),
(766, 57, 16, 'Request Deleted', 'Pending blood request REQ20260710111824 was deleted by admin.', 1, '2026-07-13 05:51:15', 'reminder'),
(768, 57, 16, 'Request Deleted', 'Pending blood request REQ20260710111302 was deleted by admin.', 1, '2026-07-13 05:51:24', 'reminder'),
(771, 57, 14, 'New Blood Request', 'New blood request REQ20260713140257 from Kay (A+)', 1, '2026-07-13 07:32:58', 'request'),
(775, 57, 16, 'Request Cancelled', 'Kay has cancelled their A+ blood request.', 1, '2026-07-13 07:33:50', 'reminder'),
(777, 57, 14, 'New Blood Request', 'New blood request REQ20260713140425 from Kay (B+)', 1, '2026-07-13 07:34:25', 'request'),
(779, 57, 16, 'Request Deleted', 'Pending blood request REQ20260713140425 was deleted by admin.', 1, '2026-07-13 07:34:46', 'reminder'),
(782, 57, 14, 'New Blood Request', 'New blood request REQ20260713140522 from Kay (A+)', 1, '2026-07-13 07:35:22', 'request'),
(785, 57, 16, 'Request Deleted', 'Pending blood request REQ20260713140522 was deleted by admin.', 1, '2026-07-13 07:35:55', 'reminder'),
(788, 57, 14, 'New Blood Request', 'New blood request REQ20260713140643 from Kay (A+)', 1, '2026-07-13 07:36:43', 'request'),
(789, 57, 14, 'Blood Request Assigned', 'Blood request REQ20260713140643 has been assigned to donor Lina Lina and is waiting for donor acceptance.', 1, '2026-07-13 07:37:12', 'request'),
(792, 57, 14, 'Blood Request Accepted', 'Blood request REQ20260713140643 has been accepted by donor Lina Lina.', 1, '2026-07-13 07:38:20', 'request'),
(797, 57, 14, 'New Blood Request', 'New blood request REQ20260713143744 from Kay (A+)', 1, '2026-07-13 08:07:44', 'request'),
(798, 57, 14, 'Blood Request Assigned', 'Blood request REQ20260713143744 has been assigned to donor Dar Dar and is waiting for donor acceptance.', 1, '2026-07-13 08:08:38', 'request'),
(801, 57, 14, 'Blood Request Accepted', 'Blood request REQ20260713143744 has been accepted by donor Dar Dar.', 1, '2026-07-13 08:08:59', 'request'),
(805, 57, 41, 'Donor Profile Updated', 'Dar Dar updated their donor profile information.', 1, '2026-07-13 08:16:27', 'profile_update'),
(807, 57, 41, 'Donor Profile Updated', 'Htet Htet updated their donor profile information.', 1, '2026-07-13 08:37:52', 'profile_update'),
(809, 57, 14, 'New Blood Request', 'New blood request REQ20260714001451 from Kay (AB+)', 1, '2026-07-13 17:44:51', 'request'),
(811, 57, 16, 'Request Cancelled', 'Kay has cancelled their AB+ blood request.', 1, '2026-07-13 17:56:50', 'reminder'),
(813, 57, 14, 'New Blood Request', 'New blood request REQ20260714002708 from Kay (A-)', 1, '2026-07-13 17:57:08', 'request'),
(815, 57, 16, 'Request Cancelled', 'Kay has cancelled their A- blood request.', 1, '2026-07-13 17:58:51', 'reminder'),
(817, 57, 14, 'New Blood Request', 'New blood request REQ20260714002907 from Kay (AB-)', 1, '2026-07-13 17:59:07', 'request'),
(819, 57, 16, 'Request Cancelled', 'Kay has cancelled their AB- blood request.', 1, '2026-07-14 03:48:25', 'reminder'),
(822, 57, 14, 'New Blood Request', 'New blood request REQ20260714101839 from Kay Kay (A+)', 1, '2026-07-14 03:48:39', 'request'),
(825, 57, 16, 'Request Cancelled', 'Kay Kay has cancelled their A+ blood request.', 1, '2026-07-14 03:57:11', 'reminder'),
(828, 57, 14, 'New Blood Request', 'New blood request REQ20260714102732 from Kay Kay (A+)', 1, '2026-07-14 03:57:32', 'request'),
(831, 57, 16, 'Request Cancelled', 'Kay Kay has cancelled their A+ blood request.', 1, '2026-07-14 04:16:19', 'reminder'),
(834, 57, 14, 'New Blood Request', 'New blood request REQ20260714104912 from Kay Kay (A+)', 1, '2026-07-14 04:19:12', 'request'),
(835, 57, 14, 'Blood Request Accepted', 'Blood request REQ20260714104912 has been accepted by donor Bunny.', 1, '2026-07-14 04:38:23', 'request'),
(840, 57, 14, 'New Blood Request', 'New blood request REQ20260714112406 from Kay Kay (B+)', 1, '2026-07-14 04:54:06', 'request'),
(841, 57, 14, 'Blood Request Assigned', 'Blood request REQ20260714112406 has been assigned to donor Dar Dar and is waiting for donor acceptance.', 1, '2026-07-14 04:54:38', 'request'),
(844, 57, 14, 'Blood Request Accepted', 'Blood request REQ20260714112406 has been accepted by donor Dar Dar.', 1, '2026-07-14 04:54:54', 'request'),
(849, 57, 14, 'New Blood Request', 'New blood request REQ20260714213736 from Mayple (A+)', 1, '2026-07-14 15:07:36', 'request'),
(852, 57, 16, 'Request Cancelled', 'Mayple has cancelled their A+ blood request.', 1, '2026-07-14 15:10:05', 'reminder'),
(855, 57, 14, 'New Blood Request', 'New blood request REQ20260714214118 from Mayple (A+)', 1, '2026-07-14 15:11:18', 'request'),
(857, 57, 14, 'Blood Request Assigned', 'Blood request REQ20260714214118 has been assigned to donor Lina Lina and is waiting for donor acceptance.', 1, '2026-07-14 15:12:38', 'request'),
(860, 57, 14, 'Blood Request Accepted', 'Blood request REQ20260714214118 has been accepted by donor Lina Lina.', 1, '2026-07-14 15:13:04', 'request'),
(864, 57, 14, 'New Blood Request', 'New blood request REQ20260714214746 from Mayple (B+)', 1, '2026-07-14 15:17:46', 'request'),
(866, 57, 41, 'Patient Profile Updated', 'Mayple MP updated their profile information.', 1, '2026-07-14 15:23:58', 'profile_update'),
(868, 57, 41, 'Donor Profile Updated', 'Dar Dar updated their donor profile information.', 1, '2026-07-14 15:24:30', 'profile_update'),
(869, 57, 14, 'Blood Request Assigned', 'Blood request REQ20260714214746 has been assigned to donor Sakura and is waiting for donor acceptance.', 1, '2026-07-14 15:35:00', 'request'),
(872, 57, 14, 'Blood Request Accepted', 'Blood request REQ20260714214746 has been accepted by donor Sakura.', 1, '2026-07-14 15:35:44', 'request'),
(877, 57, 14, 'New Blood Request', 'New blood request REQ20260714220717 from Mayple (AB-)', 1, '2026-07-14 15:37:17', 'request'),
(878, 57, 14, 'Blood Request Accepted', 'Blood request REQ20260714220717 has been accepted by donor Ryou You.', 1, '2026-07-14 15:38:29', 'request'),
(883, 57, 14, 'New Blood Request', 'New blood request REQ20260714222520 from Mayple (O-)', 1, '2026-07-14 15:55:20', 'request'),
(884, 57, 14, 'Blood Request Assigned', 'Blood request REQ20260714222520 has been assigned to donor Dar Dar and is waiting for donor acceptance.', 1, '2026-07-14 15:56:48', 'request'),
(887, 57, 14, 'Blood Request Accepted', 'Blood request REQ20260714222520 has been accepted by donor Dar Dar.', 1, '2026-07-14 16:02:29', 'request'),
(891, 57, 41, 'Donor Profile Updated', 'Htet Nandar Winn updated their donor profile information.', 1, '2026-07-14 16:33:44', 'profile_update'),
(893, 57, 14, 'New Blood Request', 'New blood request REQ20260714230659 from Mayple (B+)', 1, '2026-07-14 16:36:59', 'request'),
(895, 57, 16, 'Request Cancelled', 'Mayple has cancelled their B+ blood request.', 1, '2026-07-14 16:37:43', 'reminder'),
(898, 57, 14, 'New Blood Request', 'New blood request REQ20260714230800 from Mayple (O+)', 1, '2026-07-14 16:38:00', 'request'),
(899, 57, 14, 'Blood Request Assigned', 'Blood request REQ20260714230800 has been assigned to donor Htet Nandar Winn and is waiting for donor acceptance.', 1, '2026-07-14 16:38:44', 'request'),
(902, 57, 14, 'Blood Request Accepted', 'Blood request REQ20260714230800 has been accepted by donor Htet Nandar Winn.', 1, '2026-07-14 16:39:06', 'request'),
(906, 57, 41, 'Donor Profile Updated', 'kklovesdaisy updated their donor profile information.', 1, '2026-07-14 17:01:21', 'profile_update'),
(908, 57, 14, 'New Blood Request', 'New blood request REQ20260714235418 from Mayple (O+)', 1, '2026-07-14 17:24:18', 'request'),
(911, 57, 41, 'Patient Profile Updated', 'May updated their profile information.', 1, '2026-07-15 03:39:13', 'profile_update'),
(914, 57, 16, 'Request Cancelled', 'Mayple has cancelled their O+ blood request.', 1, '2026-07-15 03:40:36', 'reminder'),
(917, 57, 14, 'New Blood Request', 'New blood request REQ20260715101103 from May (A-)', 1, '2026-07-15 03:41:03', 'request'),
(918, 57, 14, 'Blood Request Assigned', 'Blood request REQ20260715101103 has been assigned to donor Bunny and is waiting for donor acceptance.', 1, '2026-07-15 03:42:14', 'request'),
(921, 57, 14, 'Blood Request Accepted', 'Blood request REQ20260715101103 has been accepted by donor Bunny.', 1, '2026-07-15 03:42:38', 'request'),
(925, 57, 41, 'Donor Profile Updated', 'Bunny updated their donor profile information.', 1, '2026-07-15 04:44:29', 'profile_update'),
(927, 57, 41, 'Donor Profile Updated', 'Lina updated their donor profile information.', 1, '2026-07-15 13:35:33', 'profile_update'),
(929, 57, 14, 'New Blood Request', 'New blood request REQ20260715202810 from Kay Kay (AB+)', 1, '2026-07-15 13:58:10', 'request'),
(931, 57, 16, 'Request Cancelled', 'Kay Kay has cancelled their AB+ blood request.', 1, '2026-07-15 14:10:35', 'reminder'),
(933, 57, 14, 'New Blood Request', 'New blood request REQ20260715204235 from Kay Kay (AB+)', 1, '2026-07-15 14:12:35', 'request'),
(935, 57, 16, 'Request Cancelled', 'Kay Kay has cancelled their AB+ blood request.', 1, '2026-07-15 14:13:30', 'reminder'),
(938, 57, 14, 'New Blood Request', 'New blood request REQ20260715204529 from Kay Kay (O+)', 1, '2026-07-15 14:15:29', 'request'),
(941, 57, 14, 'Blood Request Accepted', 'Blood request REQ20260715204529 has been accepted by donor Lina.', 1, '2026-07-15 14:16:38', 'request'),
(945, 57, 14, 'New Blood Request', 'New blood request REQ20260715205722 from Kay Kay (A+)', 1, '2026-07-15 14:27:22', 'request'),
(946, 57, 14, 'Blood Request Accepted', 'Blood request REQ20260715205722 has been accepted by donor Lina.', 1, '2026-07-15 14:29:05', 'request'),
(950, 57, 41, 'Donor Profile Updated', 'Lina updated their donor profile information.', 1, '2026-07-15 15:01:07', 'profile_update'),
(952, 57, 14, 'New Blood Request', 'New blood request REQ20260715213625 from Kay Kay (B-)', 1, '2026-07-15 15:06:25', 'request'),
(954, 57, 41, 'Donor Profile Updated', 'Lina updated their donor profile information.', 1, '2026-07-15 15:37:05', 'profile_update'),
(956, 57, 14, 'New Blood Request', 'New blood request REQ20260715220935 from Kay Kay (B-)', 1, '2026-07-15 15:39:35', 'request'),
(958, 57, 41, 'Donor Profile Updated', 'Htet Htet updated their donor profile information.', 1, '2026-07-15 15:51:24', 'profile_update'),
(961, 57, 14, 'Blood Request Accepted', 'Blood request REQ20260715220935 has been accepted by donor Htet Htet.', 1, '2026-07-15 15:53:10', 'request'),
(965, 57, 41, 'Donor Profile Updated', 'Ryou You updated their donor profile information.', 1, '2026-07-15 16:03:13', 'profile_update'),
(967, 57, 41, 'Donor Profile Updated', 'Ryou You updated their donor profile information.', 1, '2026-07-15 16:05:54', 'profile_update'),
(969, 57, 41, 'Donor Profile Updated', 'Ryou You updated their donor profile information.', 1, '2026-07-15 16:09:14', 'profile_update'),
(971, 57, 41, 'Donor Profile Updated', 'Bunny updated their donor profile information.', 1, '2026-07-15 16:11:55', 'profile_update'),
(975, 57, 14, 'New Blood Request', 'New blood request REQ20260715224436 from Kay Kay (A+)', 1, '2026-07-15 16:14:36', 'request'),
(978, 57, 14, 'Blood Request Accepted', 'Blood request REQ20260715224436 has been accepted by donor Ryou You.', 1, '2026-07-15 16:16:57', 'request'),
(983, 57, 14, 'New Blood Request', 'New blood request REQ20260715224949 from Kay Kay (A+)', 1, '2026-07-15 16:19:49', 'request'),
(985, 57, 41, 'Donor Profile Updated', 'May updated their donor profile information.', 1, '2026-07-15 16:24:19', 'profile_update'),
(986, 172, 41, 'Profile Updated', 'Your profile has been updated successfully.', 1, '2026-07-15 16:31:21', 'profile_update'),
(987, 57, 41, 'Patient Profile Updated', 'Dar Dar updated their profile information.', 1, '2026-07-15 16:31:21', 'profile_update'),
(988, 172, 14, 'Blood Request Submitted', 'Your blood request is now pending.', 1, '2026-07-15 16:33:29', 'request'),
(989, 57, 14, 'New Blood Request', 'New blood request REQ20260715230329 from Dar Dar (A-)', 1, '2026-07-15 16:33:29', 'request'),
(990, 172, 16, 'Request Cancelled', 'Your blood request has been cancelled.', 1, '2026-07-15 16:34:22', 'reminder'),
(991, 57, 16, 'Request Cancelled', 'Dar Dar has cancelled their A- blood request.', 1, '2026-07-15 16:34:22', 'reminder'),
(992, 172, 14, 'Blood Request Submitted', 'Your blood request is now pending.', 1, '2026-07-15 16:36:45', 'request'),
(995, 57, 14, 'New Blood Request', 'New blood request REQ20260715230645 from Dar Dar (A+)', 1, '2026-07-15 16:36:45', 'request'),
(997, 172, 14, 'Donors Assigned', 'Donors have been assigned to your blood request REQ20260715230645. They will review and respond shortly.', 1, '2026-07-15 16:58:51', 'request'),
(998, 57, 14, 'Blood Request Accepted', 'Blood request REQ20260715230645 has been accepted by donor May.', 1, '2026-07-15 16:59:31', 'request'),
(1000, 172, 14, 'Blood Request Accepted', 'Donor May has accepted your blood request REQ20260715230645.', 1, '2026-07-15 16:59:31', 'request'),
(1001, 57, 41, 'Donor Profile Updated', 'Bunny updated their donor profile information.', 1, '2026-07-15 17:01:46', 'profile_update');
INSERT INTO `notifications` (`notification_id`, `user_id`, `notification_type_id`, `title`, `message`, `is_read`, `created_at`, `type`) VALUES
(1003, 57, 41, 'Donor Profile Updated', 'Bunny updated their donor profile information.', 1, '2026-07-15 17:02:52', 'profile_update'),
(1006, 57, 14, 'Blood Request Accepted', 'Blood request REQ20260715224949 has been accepted by donor Bunny.', 1, '2026-07-15 17:04:52', 'request'),
(1011, 57, 14, 'New Blood Request', 'New blood request REQ20260715234823 from Kay Kay (B+)', 1, '2026-07-15 17:18:23', 'request'),
(1012, 172, 14, 'Blood Request Submitted', 'Your blood request is now pending.', 1, '2026-07-15 17:20:41', 'request'),
(1014, 57, 14, 'New Blood Request', 'New blood request REQ20260715235041 from Dar Dar (B+)', 1, '2026-07-15 17:20:41', 'request'),
(1017, 57, 14, 'Blood Request Accepted', 'Blood request REQ20260715234823 has been accepted by donor Bunny.', 1, '2026-07-15 17:30:19', 'request'),
(1021, 57, 14, 'New Blood Request', 'New blood request REQ20260716000234 from Kay Kay (B+)', 1, '2026-07-15 17:32:34', 'request'),
(1023, 57, 14, 'New Blood Request', 'New blood request REQ20260716000651 from Htet Nandar Winn (B+)', 1, '2026-07-15 17:36:51', 'request'),
(1026, 57, 16, 'Request Cancelled', 'Kay Kay has cancelled their B+ blood request.', 1, '2026-07-15 17:39:44', 'reminder'),
(1029, 57, 14, 'New Blood Request', 'New blood request REQ20260716001028 from Kay Kay (B+)', 1, '2026-07-15 17:40:28', 'request'),
(1032, 57, 41, 'Donor Profile Updated', 'Htet Nandar Winn updated their donor profile information.', 1, '2026-07-15 17:42:04', 'profile_update'),
(1034, 57, 41, 'Donor Profile Updated', 'Htet Nandar Winn updated their donor profile information.', 1, '2026-07-15 17:44:28', 'profile_update'),
(1036, 57, 41, 'Donor Profile Updated', 'Htet Nandar Winn updated their donor profile information.', 1, '2026-07-15 19:15:56', 'profile_update'),
(1039, 57, 41, 'Patient Profile Updated', 'Kay Kay updated their profile information.', 1, '2026-07-15 19:19:16', 'profile_update'),
(1041, 57, 16, 'Request Cancelled', 'Kay Kay has cancelled their B+ blood request.', 1, '2026-07-15 19:20:26', 'reminder'),
(1043, 57, 41, 'Donor Profile Updated', 'dardarwinhtet updated their donor profile information.', 1, '2026-07-16 02:56:10', 'profile_update'),
(1044, 180, 14, 'Blood Request Submitted', 'Your blood request is now pending.', 1, '2026-07-16 03:22:31', 'request'),
(1045, 57, 14, 'New Blood Request', 'New blood request REQ20260716095231 from Kay Kay (B+)', 1, '2026-07-16 03:22:31', 'request'),
(1047, 57, 41, 'Donor Profile Updated', 'Htet Nandar Winn updated their donor profile information.', 1, '2026-07-16 03:24:50', 'profile_update'),
(1049, 180, 14, 'Donors Assigned', 'Donors have been assigned to your blood request REQ20260716095231. They will review and respond shortly.', 1, '2026-07-16 03:25:43', 'request'),
(1050, 57, 14, 'Blood Request Accepted', 'Blood request REQ20260716095231 has been accepted by donor Htet Nandar Winn.', 1, '2026-07-16 03:26:10', 'request'),
(1052, 180, 14, 'Blood Request Accepted', 'Donor Htet Nandar Winn has accepted your blood request REQ20260716095231.', 1, '2026-07-16 03:26:10', 'request'),
(1053, 182, 41, 'Profile Updated', 'Your donor profile has been updated successfully.', 1, '2026-07-16 03:31:10', 'profile_update'),
(1054, 57, 41, 'Donor Profile Updated', 'Noe Noe updated their donor profile information.', 1, '2026-07-16 03:31:10', 'profile_update'),
(1055, 180, 14, 'Blood Request Submitted', 'Your blood request is now pending.', 1, '2026-07-16 03:32:14', 'request'),
(1056, 182, 14, 'New Blood Request', 'Patient Kay Kay has requested A+ blood. Please review the request.', 1, '2026-07-16 03:32:14', 'request'),
(1057, 57, 14, 'New Blood Request', 'New blood request REQ20260716100214 from Kay Kay (A+)', 1, '2026-07-16 03:32:14', 'request'),
(1058, 182, 41, 'Profile Updated', 'Your donor profile has been updated successfully.', 1, '2026-07-16 03:36:19', 'profile_update'),
(1059, 57, 41, 'Donor Profile Updated', 'Noe Noe updated their donor profile information.', 1, '2026-07-16 03:36:19', 'profile_update'),
(1060, 182, 41, 'Profile Updated', 'Your donor profile has been updated successfully.', 1, '2026-07-16 03:40:19', 'profile_update'),
(1061, 57, 41, 'Donor Profile Updated', 'Noe Noe updated their donor profile information.', 1, '2026-07-16 03:40:19', 'profile_update'),
(1062, 182, 41, 'Profile Updated', 'Your donor profile has been updated successfully.', 1, '2026-07-16 03:55:03', 'profile_update'),
(1063, 57, 41, 'Donor Profile Updated', 'Noe Noe updated their donor profile information.', 1, '2026-07-16 03:55:03', 'profile_update'),
(1064, 182, 41, 'Profile Updated', 'Your donor profile has been updated successfully.', 1, '2026-07-16 03:55:57', 'profile_update'),
(1065, 57, 41, 'Donor Profile Updated', 'Noe Noe updated their donor profile information.', 1, '2026-07-16 03:55:57', 'profile_update'),
(1066, 183, 41, 'Profile Updated', 'Your donor profile has been updated successfully.', 1, '2026-07-16 03:59:25', 'profile_update'),
(1067, 57, 41, 'Donor Profile Updated', 'Htet Linn updated their donor profile information.', 1, '2026-07-16 03:59:25', 'profile_update'),
(1068, 182, 41, 'Profile Updated', 'Your donor profile has been updated successfully.', 1, '2026-07-16 04:01:20', 'profile_update'),
(1069, 57, 41, 'Donor Profile Updated', 'Noe Noe updated their donor profile information.', 1, '2026-07-16 04:01:20', 'profile_update'),
(1070, 183, 41, 'Profile Updated', 'Your donor profile has been updated successfully.', 1, '2026-07-16 04:01:57', 'profile_update'),
(1071, 57, 41, 'Donor Profile Updated', 'Htet Linn updated their donor profile information.', 1, '2026-07-16 04:01:57', 'profile_update'),
(1072, 182, 41, 'Profile Updated', 'Your donor profile has been updated successfully.', 1, '2026-07-16 04:02:59', 'profile_update'),
(1073, 57, 41, 'Donor Profile Updated', 'Noe Noe updated their donor profile information.', 1, '2026-07-16 04:02:59', 'profile_update'),
(1074, 182, 41, 'Profile Updated', 'Your donor profile has been updated successfully.', 1, '2026-07-16 04:03:32', 'profile_update'),
(1075, 57, 41, 'Donor Profile Updated', 'Noe Noe updated their donor profile information.', 1, '2026-07-16 04:03:32', 'profile_update'),
(1076, 182, 14, 'Blood Request Assigned', 'You have been assigned to blood request REQ20260716100214 for patient Kay Kay (A+). Please review and respond.', 1, '2026-07-16 04:05:04', 'request'),
(1077, 180, 14, 'Donors Assigned', 'Donors have been assigned to your blood request REQ20260716100214. They will review and respond shortly.', 1, '2026-07-16 04:05:04', 'request'),
(1078, 57, 14, 'Blood Request Accepted', 'Blood request REQ20260716100214 has been accepted by donor Noe Noe.', 1, '2026-07-16 04:12:26', 'request'),
(1079, 182, 14, 'Blood Request Accepted', 'You accepted blood request REQ20260716100214. The patient will be notified shortly.', 1, '2026-07-16 04:12:26', 'request'),
(1080, 180, 14, 'Blood Request Accepted', 'Donor Noe Noe has accepted your blood request REQ20260716100214.', 1, '2026-07-16 04:12:26', 'request'),
(1081, 184, 41, 'Profile Updated', 'Your donor profile has been updated successfully.', 1, '2026-07-16 04:21:29', 'profile_update'),
(1082, 57, 41, 'Donor Profile Updated', 'Htet Nandar Linn updated their donor profile information.', 1, '2026-07-16 04:21:29', 'profile_update'),
(1083, 180, 14, 'Blood Request Submitted', 'Your blood request is now pending.', 1, '2026-07-16 04:24:25', 'request'),
(1084, 184, 14, 'New Blood Request', 'Patient Kay Kay has requested B+ blood. Please review the request.', 1, '2026-07-16 04:24:25', 'request'),
(1085, 57, 14, 'New Blood Request', 'New blood request REQ20260716105425 from Kay Kay (B+)', 1, '2026-07-16 04:24:25', 'request'),
(1086, 184, 14, 'Blood Request Assigned', 'You have been assigned to blood request REQ20260716105425 for patient Kay Kay (B+). Please review and respond.', 1, '2026-07-16 04:27:04', 'request'),
(1087, 180, 14, 'Donors Assigned', 'Donors have been assigned to your blood request REQ20260716105425. They will review and respond shortly.', 1, '2026-07-16 04:27:04', 'request'),
(1088, 57, 14, 'Blood Request Accepted', 'Blood request REQ20260716105425 has been accepted by donor Htet Nandar Linn.', 1, '2026-07-16 04:28:11', 'request'),
(1089, 184, 14, 'Blood Request Accepted', 'You accepted blood request REQ20260716105425. The patient will be notified shortly.', 1, '2026-07-16 04:28:11', 'request'),
(1090, 180, 14, 'Blood Request Accepted', 'Donor Htet Nandar Linn has accepted your blood request REQ20260716105425.', 1, '2026-07-16 04:28:11', 'request'),
(1091, 185, 41, 'Profile Updated', 'Your donor profile has been updated successfully.', 1, '2026-07-16 04:40:45', 'profile_update'),
(1092, 57, 41, 'Donor Profile Updated', 'Super Ngal updated their donor profile information.', 1, '2026-07-16 04:40:45', 'profile_update'),
(1093, 185, 14, 'Blood Request Assigned', 'You have been assigned to blood request REQ20260715235041 for patient Dar Dar (B+). Please review and respond.', 1, '2026-07-16 04:41:06', 'request'),
(1094, 172, 14, 'Donors Assigned', 'Donors have been assigned to your blood request REQ20260715235041. They will review and respond shortly.', 1, '2026-07-16 04:41:06', 'request'),
(1095, 57, 14, 'Blood Request Accepted', 'Blood request REQ20260715235041 has been accepted by donor Super Ngal.', 1, '2026-07-16 04:41:30', 'request'),
(1096, 185, 14, 'Blood Request Accepted', 'You accepted blood request REQ20260715235041. The patient will be notified shortly.', 1, '2026-07-16 04:41:30', 'request'),
(1097, 172, 14, 'Blood Request Accepted', 'Donor Super Ngal has accepted your blood request REQ20260715235041.', 1, '2026-07-16 04:41:30', 'request'),
(1098, 186, 41, 'Profile Updated', 'Your donor profile has been updated successfully.', 1, '2026-07-16 04:59:51', 'profile_update'),
(1099, 57, 41, 'Donor Profile Updated', 'Barbie updated their donor profile information.', 1, '2026-07-16 04:59:51', 'profile_update'),
(1100, 180, 14, 'Blood Request Submitted', 'Your blood request is now pending.', 1, '2026-07-16 05:06:50', 'request'),
(1101, 186, 14, 'New Blood Request', 'Patient Kay Kay has requested O+ blood. Please review the request.', 1, '2026-07-16 05:06:50', 'request'),
(1102, 57, 14, 'New Blood Request', 'New blood request REQ20260716113650 from Kay Kay (O+)', 1, '2026-07-16 05:06:50', 'request'),
(1103, 172, 14, 'Blood Request Submitted', 'Your blood request is now pending.', 1, '2026-07-16 05:08:01', 'request'),
(1104, 186, 14, 'New Blood Request', 'Patient Dar Dar has requested O+ blood. Please review the request.', 1, '2026-07-16 05:08:01', 'request'),
(1105, 57, 14, 'New Blood Request', 'New blood request REQ20260716113801 from Dar Dar (O+)', 1, '2026-07-16 05:08:01', 'request'),
(1106, 180, 16, 'Request Cancelled', 'Your blood request has been cancelled.', 1, '2026-07-16 05:18:29', 'reminder'),
(1107, 186, 16, 'Request Cancelled', 'Kay Kay has cancelled their O+ blood request.', 1, '2026-07-16 05:18:29', 'reminder'),
(1108, 57, 16, 'Request Cancelled', 'Kay Kay has cancelled their O+ blood request.', 1, '2026-07-16 05:18:29', 'reminder'),
(1109, 180, 14, 'Blood Request Submitted', 'Your blood request is now pending.', 1, '2026-07-16 05:19:39', 'request'),
(1110, 186, 14, 'New Blood Request', 'Patient Kay Kay has requested O+ blood. Please review the request.', 1, '2026-07-16 05:19:39', 'request'),
(1111, 57, 14, 'New Blood Request', 'New blood request REQ20260716114939 from Kay Kay (O+)', 1, '2026-07-16 05:19:39', 'request'),
(1112, 172, 16, 'Request Cancelled', 'Your blood request has been cancelled.', 1, '2026-07-16 05:21:16', 'reminder'),
(1113, 186, 16, 'Request Cancelled', 'Dar Dar has cancelled their O+ blood request.', 1, '2026-07-16 05:21:16', 'reminder'),
(1114, 57, 16, 'Request Cancelled', 'Dar Dar has cancelled their O+ blood request.', 1, '2026-07-16 05:21:16', 'reminder'),
(1115, 172, 14, 'Blood Request Submitted', 'Your blood request is now pending.', 1, '2026-07-16 05:22:39', 'request'),
(1116, 186, 14, 'New Blood Request', 'Patient Dar Dar has requested O+ blood. Please review the request.', 1, '2026-07-16 05:22:39', 'request'),
(1117, 57, 14, 'New Blood Request', 'New blood request REQ20260716115239 from Dar Dar (O+)', 1, '2026-07-16 05:22:39', 'request'),
(1118, 186, 14, 'Blood Request Assigned', 'You have been assigned to blood request REQ20260716115239 for patient Dar Dar (O+). Please review and respond.', 1, '2026-07-16 05:44:01', 'request'),
(1119, 172, 14, 'Donors Assigned', 'Donors have been assigned to your blood request REQ20260716115239. They will review and respond shortly.', 1, '2026-07-16 05:44:01', 'request'),
(1120, 57, 14, 'Blood Request Accepted', 'Blood request REQ20260716115239 has been accepted by donor Barbie.', 1, '2026-07-16 05:44:17', 'request'),
(1121, 186, 14, 'Blood Request Accepted', 'You accepted blood request REQ20260716115239. The patient will be notified shortly.', 1, '2026-07-16 05:44:17', 'request'),
(1122, 172, 14, 'Blood Request Accepted', 'Donor Barbie has accepted your blood request REQ20260716115239.', 1, '2026-07-16 05:44:17', 'request'),
(1123, 172, 14, 'Blood Request Submitted', 'Your blood request is now pending.', 1, '2026-07-16 05:46:14', 'request'),
(1124, 57, 14, 'New Blood Request', 'New blood request REQ20260716121614 from Dar Dar (O+)', 1, '2026-07-16 05:46:14', 'request'),
(1125, 172, 16, 'Request Cancelled', 'Your blood request has been cancelled.', 1, '2026-07-16 05:46:54', 'reminder'),
(1126, 57, 16, 'Request Cancelled', 'Dar Dar has cancelled their O+ blood request.', 1, '2026-07-16 05:46:54', 'reminder'),
(1127, 172, 14, 'Blood Request Submitted', 'Your blood request is now pending.', 1, '2026-07-16 05:47:18', 'request'),
(1128, 183, 14, 'New Blood Request', 'Patient Dar Dar has requested A+ blood. Please review the request.', 1, '2026-07-16 05:47:18', 'request'),
(1129, 57, 14, 'New Blood Request', 'New blood request REQ20260716121718 from Dar Dar (A+)', 1, '2026-07-16 05:47:18', 'request'),
(1130, 180, 16, 'Request Cancelled', 'Your blood request has been cancelled.', 1, '2026-07-16 05:47:31', 'reminder'),
(1131, 57, 16, 'Request Cancelled', 'Kay Kay has cancelled their O+ blood request.', 1, '2026-07-16 05:47:31', 'reminder'),
(1132, 180, 14, 'Blood Request Submitted', 'Your blood request is now pending.', 1, '2026-07-16 05:47:52', 'request'),
(1133, 183, 14, 'New Blood Request', 'Patient Kay Kay has requested A+ blood. Please review the request.', 1, '2026-07-16 05:47:52', 'request'),
(1134, 57, 14, 'New Blood Request', 'New blood request REQ20260716121752 from Kay Kay (A+)', 1, '2026-07-16 05:47:52', 'request'),
(1135, 183, 14, 'Blood Request Assigned', 'You have been assigned to blood request REQ20260716121718 for patient Dar Dar (A+). Please review and respond.', 1, '2026-07-16 05:48:47', 'request'),
(1136, 172, 14, 'Donors Assigned', 'Donors have been assigned to your blood request REQ20260716121718. They will review and respond shortly.', 1, '2026-07-16 05:48:47', 'request'),
(1137, 57, 14, 'Blood Request Accepted', 'Blood request REQ20260716121718 has been accepted by donor Htet Linn.', 1, '2026-07-16 05:49:12', 'request'),
(1138, 183, 14, 'Blood Request Accepted', 'You accepted blood request REQ20260716121718. The patient will be notified shortly.', 1, '2026-07-16 05:49:12', 'request'),
(1139, 172, 14, 'Blood Request Accepted', 'Donor Htet Linn has accepted your blood request REQ20260716121718.', 1, '2026-07-16 05:49:12', 'request'),
(1140, 187, 41, 'Profile Updated', 'Your donor profile has been updated successfully.', 1, '2026-07-16 06:39:43', 'profile_update'),
(1141, 57, 41, 'Donor Profile Updated', 'Thae Tone updated their donor profile information.', 1, '2026-07-16 06:39:43', 'profile_update'),
(1142, 180, 16, 'Request Cancelled', 'Your blood request has been cancelled.', 1, '2026-07-16 06:40:02', 'reminder'),
(1143, 57, 16, 'Request Cancelled', 'Kay Kay has cancelled their A+ blood request.', 1, '2026-07-16 06:40:02', 'reminder'),
(1144, 180, 14, 'Blood Request Submitted', 'Your blood request is now pending.', 1, '2026-07-16 06:40:27', 'request'),
(1145, 57, 14, 'New Blood Request', 'New blood request REQ20260716131027 from Kay Kay (AB+)', 1, '2026-07-16 06:40:27', 'request'),
(1146, 172, 14, 'Blood Request Submitted', 'Your blood request is now pending.', 1, '2026-07-16 06:41:15', 'request'),
(1147, 57, 14, 'New Blood Request', 'New blood request REQ20260716131115 from Dar Dar (AB+)', 1, '2026-07-16 06:41:15', 'request'),
(1148, 187, 41, 'Profile Updated', 'Your donor profile has been updated successfully.', 1, '2026-07-16 06:42:11', 'profile_update'),
(1149, 57, 41, 'Donor Profile Updated', 'Thae Tone updated their donor profile information.', 1, '2026-07-16 06:42:11', 'profile_update'),
(1150, 172, 16, 'Request Deleted', 'Admin deleted your pending blood request REQ20260716131115.', 1, '2026-07-16 06:45:16', 'reminder'),
(1151, 187, 16, 'Request Deleted', 'The pending blood request REQ20260716131115 for Dar Dar was removed by admin.', 1, '2026-07-16 06:45:16', 'reminder'),
(1152, 57, 16, 'Request Deleted', 'Pending blood request REQ20260716131115 was deleted by admin.', 1, '2026-07-16 06:45:16', 'reminder'),
(1153, 172, 14, 'Blood Request Submitted', 'Your blood request is now pending.', 1, '2026-07-16 06:45:52', 'request'),
(1154, 187, 14, 'New Blood Request', 'Patient Dar Dar has requested AB+ blood. Please review the request.', 1, '2026-07-16 06:45:52', 'request'),
(1155, 57, 14, 'New Blood Request', 'New blood request REQ20260716131552 from Dar Dar (AB+)', 1, '2026-07-16 06:45:52', 'request'),
(1156, 172, 16, 'Request Deleted', 'Admin deleted your pending blood request REQ20260716131552.', 1, '2026-07-16 06:47:22', 'reminder'),
(1157, 187, 16, 'Request Deleted', 'The pending blood request REQ20260716131552 for Dar Dar was removed by admin.', 1, '2026-07-16 06:47:22', 'reminder'),
(1158, 57, 16, 'Request Deleted', 'Pending blood request REQ20260716131552 was deleted by admin.', 1, '2026-07-16 06:47:22', 'reminder'),
(1159, 172, 14, 'Blood Request Submitted', 'Your blood request is now pending.', 1, '2026-07-16 06:48:03', 'request'),
(1160, 187, 14, 'New Blood Request', 'Patient Dar Dar has requested AB+ blood. Please review the request.', 1, '2026-07-16 06:48:03', 'request'),
(1161, 57, 14, 'New Blood Request', 'New blood request REQ20260716131803 from Dar Dar (AB+)', 1, '2026-07-16 06:48:03', 'request'),
(1162, 187, 14, 'Blood Request Assigned', 'You have been assigned to blood request REQ20260716131803 for patient Dar Dar (AB+). Please review and respond.', 1, '2026-07-16 06:49:09', 'request'),
(1163, 172, 14, 'Donors Assigned', 'Donors have been assigned to your blood request REQ20260716131803. They will review and respond shortly.', 1, '2026-07-16 06:49:09', 'request'),
(1164, 57, 14, 'Blood Request Accepted', 'Blood request REQ20260716131803 has been accepted by donor Thae Tone.', 1, '2026-07-16 06:50:26', 'request'),
(1165, 187, 14, 'Blood Request Accepted', 'You accepted blood request REQ20260716131803. The patient will be notified shortly.', 1, '2026-07-16 06:50:26', 'request'),
(1166, 172, 14, 'Blood Request Accepted', 'Donor Thae Tone has accepted your blood request REQ20260716131803.', 1, '2026-07-16 06:50:26', 'request'),
(1168, 57, 41, 'Donor Profile Updated', 'Nay Chi updated their donor profile information.', 1, '2026-07-16 07:09:17', 'profile_update'),
(1169, 172, 14, 'Blood Request Submitted', 'Your blood request is now pending.', 1, '2026-07-16 07:10:17', 'request'),
(1171, 57, 14, 'New Blood Request', 'New blood request REQ20260716134017 from Dar Dar (AB+)', 1, '2026-07-16 07:10:17', 'request'),
(1172, 189, 41, 'Profile Updated', 'Your donor profile has been updated successfully.', 1, '2026-07-16 07:34:53', 'profile_update'),
(1173, 57, 41, 'Donor Profile Updated', 'Nay Chi updated their donor profile information.', 1, '2026-07-16 07:34:53', 'profile_update'),
(1174, 189, 14, 'Blood Request Assigned', 'You have been assigned to blood request REQ20260716134017 for patient Dar Dar (AB+). Please review and respond.', 1, '2026-07-16 07:43:25', 'request'),
(1175, 172, 14, 'Donors Assigned', 'Donors have been assigned to your blood request REQ20260716134017. They will review and respond shortly.', 1, '2026-07-16 07:43:25', 'request'),
(1176, 189, 14, 'Blood Request Alert', 'Patient Dar Dar has requested AB+ blood. Please review request REQ20260716134017.', 1, '2026-07-16 09:02:27', 'request'),
(1177, 189, 14, 'Blood Request Alert', 'Patient Dar Dar has requested AB+ blood. Please review request REQ20260716134017.', 1, '2026-07-16 09:02:31', 'request'),
(1178, 189, 14, 'Blood Request Alert', 'Patient Dar Dar has requested AB+ blood. Please review request REQ20260716134017.', 1, '2026-07-16 09:02:35', 'request'),
(1179, 189, 14, 'Blood Request Alert', 'Patient Dar Dar has requested AB+ blood. Please review request REQ20260716134017.', 1, '2026-07-16 09:02:39', 'request'),
(1180, 189, 14, 'Blood Request Alert', 'Patient Dar Dar has requested AB+ blood. Please review request REQ20260716134017.', 1, '2026-07-16 09:02:43', 'request'),
(1181, 189, 14, 'Blood Request Alert', 'Patient Dar Dar has requested AB+ blood. Please review request REQ20260716134017.', 1, '2026-07-16 09:02:47', 'request'),
(1182, 189, 14, 'Blood Request Alert', 'Patient Dar Dar has requested AB+ blood. Please review request REQ20260716134017.', 1, '2026-07-16 09:03:39', 'request'),
(1183, 57, 14, 'Blood Request Accepted', 'Blood request REQ20260716134017 has been accepted by donor Nay Chi.', 1, '2026-07-16 09:06:09', 'request'),
(1184, 189, 14, 'Blood Request Accepted', 'You accepted blood request REQ20260716134017. The patient will be notified shortly.', 1, '2026-07-16 09:06:09', 'request'),
(1185, 172, 14, 'Blood Request Accepted', 'Donor Nay Chi has accepted your blood request REQ20260716134017.', 1, '2026-07-16 09:06:09', 'request'),
(1186, 180, 16, 'Request Cancelled', 'Your blood request has been cancelled.', 1, '2026-07-16 09:15:35', 'reminder'),
(1187, 57, 16, 'Request Cancelled', 'Kay Kay has cancelled their AB+ blood request.', 1, '2026-07-16 09:15:35', 'reminder'),
(1188, 180, 14, 'Blood Request Submitted', 'Your blood request is now pending.', 1, '2026-07-16 09:15:58', 'request'),
(1189, 57, 14, 'New Blood Request', 'New blood request REQ20260716154558 from Kay Kay (O+)', 1, '2026-07-16 09:15:58', 'request'),
(1191, 172, 14, 'Blood Request Submitted', 'Your blood request is now pending.', 1, '2026-07-16 09:20:15', 'request'),
(1192, 57, 14, 'New Blood Request', 'New blood request REQ20260716155015 from Dar Dar (O+)', 1, '2026-07-16 09:20:15', 'request'),
(1193, 57, 14, 'Blood Request Assigned', 'Blood request REQ20260716155015 has been assigned to donor May and is waiting for donor acceptance.', 1, '2026-07-16 10:39:24', 'request'),
(1195, 172, 14, 'Blood Request Matched', 'A donor has been assigned for your blood request REQ20260716155015 and is pending acceptance.', 1, '2026-07-16 10:39:24', 'request'),
(1196, 180, 14, 'Blood Request Submitted', 'Your blood request is now pending.', 1, '2026-07-16 11:03:51', 'request'),
(1197, 57, 14, 'New Blood Request', 'New blood request REQ20260716173351 from Kay Kay (O+)', 1, '2026-07-16 11:03:51', 'request'),
(1198, 180, 16, 'Request Cancelled', 'Your blood request has been cancelled.', 1, '2026-07-16 13:49:06', 'reminder'),
(1200, 57, 16, 'Request Cancelled', 'Kay Kay has cancelled their O+ blood request.', 1, '2026-07-16 13:49:06', 'reminder'),
(1201, 180, 14, 'Blood Request Submitted', 'Your blood request is now pending.', 1, '2026-07-16 13:49:45', 'request'),
(1202, 57, 14, 'New Blood Request', 'New blood request REQ20260716201945 from Kay Kay (O+)', 1, '2026-07-16 13:49:45', 'request'),
(1203, 172, 14, 'Blood Request Submitted', 'Your blood request is now pending.', 1, '2026-07-16 13:54:44', 'request'),
(1204, 57, 14, 'New Blood Request', 'New blood request REQ20260716202444 from Dar Dar (O+)', 1, '2026-07-16 13:54:44', 'request'),
(1206, 57, 14, 'Blood Request Accepted', 'Blood request REQ20260716202444 has been accepted by donor Bunny.', 1, '2026-07-16 14:58:04', 'request'),
(1208, 172, 14, 'Blood Request Accepted', 'Donor Bunny has accepted your blood request REQ20260716202444.', 1, '2026-07-16 14:58:04', 'request'),
(1209, 191, 41, 'Profile Updated', 'Your donor profile has been updated successfully.', 1, '2026-07-16 15:05:36', 'profile_update'),
(1210, 57, 41, 'Donor Profile Updated', 'T NU updated their donor profile information.', 1, '2026-07-16 15:05:36', 'profile_update'),
(1211, 180, 16, 'Request Cancelled', 'Your blood request has been cancelled.', 1, '2026-07-16 15:44:20', 'reminder'),
(1213, 191, 16, 'Request Cancelled', 'Kay Kay has cancelled their O+ blood request.', 1, '2026-07-16 15:44:20', 'reminder'),
(1214, 57, 16, 'Request Cancelled', 'Kay Kay has cancelled their O+ blood request.', 1, '2026-07-16 15:44:20', 'reminder'),
(1215, 180, 14, 'Blood Request Submitted', 'Your blood request is now pending.', 1, '2026-07-16 15:45:25', 'request'),
(1216, 57, 14, 'New Blood Request', 'New blood request REQ20260716221525 from Kay Kay (O+)', 1, '2026-07-16 15:45:25', 'request'),
(1217, 172, 14, 'Blood Request Submitted', 'Your blood request is now pending.', 1, '2026-07-16 15:48:08', 'request'),
(1218, 57, 14, 'New Blood Request', 'New blood request REQ20260716221808 from Dar Dar (O+)', 1, '2026-07-16 15:48:08', 'request'),
(1219, 172, 16, 'Request Deleted', 'Admin deleted your pending blood request REQ20260716221808.', 1, '2026-07-16 16:33:26', 'reminder'),
(1220, 57, 16, 'Request Deleted', 'Pending blood request REQ20260716221808 was deleted by admin.', 1, '2026-07-16 16:33:26', 'reminder'),
(1221, 180, 16, 'Request Deleted', 'Admin deleted your pending blood request REQ20260716221525.', 1, '2026-07-16 16:33:38', 'reminder'),
(1222, 191, 16, 'Request Deleted', 'The pending blood request REQ20260716221525 for Kay Kay was removed by admin.', 1, '2026-07-16 16:33:38', 'reminder'),
(1223, 57, 16, 'Request Deleted', 'Pending blood request REQ20260716221525 was deleted by admin.', 1, '2026-07-16 16:33:38', 'reminder'),
(1224, 180, 14, 'Blood Request Submitted', 'Your blood request is now pending.', 1, '2026-07-16 16:35:05', 'request'),
(1225, 57, 14, 'New Blood Request', 'New blood request REQ20260716230505 from Kay Kay (O+)', 1, '2026-07-16 16:35:05', 'request'),
(1226, 172, 14, 'Blood Request Submitted', 'Your blood request is now pending.', 1, '2026-07-16 16:35:50', 'request'),
(1227, 57, 14, 'New Blood Request', 'New blood request REQ20260716230550 from Dar Dar (O+)', 1, '2026-07-16 16:35:50', 'request'),
(1228, 191, 14, 'Blood Request Alert', 'Patient Kay Kay has requested O+ blood. Please review request REQ20260716230505.', 1, '2026-07-16 17:05:13', 'request'),
(1229, 57, 14, 'Blood Request Accepted', 'Blood request REQ20260716230505 has been accepted by donor T NU.', 1, '2026-07-16 17:05:54', 'request'),
(1230, 191, 14, 'Blood Request Accepted', 'You accepted blood request REQ20260716230505. The patient will be notified shortly.', 1, '2026-07-16 17:05:54', 'request'),
(1231, 180, 14, 'Blood Request Accepted', 'Donor T NU has accepted your blood request REQ20260716230505.', 1, '2026-07-16 17:05:54', 'request'),
(1232, 180, 14, 'Blood Request Submitted', 'Your blood request is now pending.', 1, '2026-07-16 17:10:57', 'request'),
(1233, 57, 14, 'New Blood Request', 'New blood request REQ20260716234057 from Kay Kay (O+)', 1, '2026-07-16 17:10:57', 'request'),
(1235, 172, 14, 'Donors Assigned', 'Donors have been assigned to your blood request REQ20260716230550. They will review and respond shortly.', 1, '2026-07-16 17:15:37', 'request'),
(1236, 57, 14, 'Blood Request Accepted', 'Blood request REQ20260716234057 has been accepted by donor Htet Nandar Winn.', 1, '2026-07-16 17:15:59', 'request'),
(1238, 180, 14, 'Blood Request Accepted', 'Donor Htet Nandar Winn has accepted your blood request REQ20260716234057.', 1, '2026-07-16 17:15:59', 'request'),
(1239, 180, 14, 'Blood Request Submitted', 'Your blood request is now pending.', 1, '2026-07-16 17:18:53', 'request'),
(1240, 57, 14, 'New Blood Request', 'New blood request REQ20260716234853 from Kay Kay (A+)', 1, '2026-07-16 17:18:53', 'request'),
(1241, 172, 14, 'Blood Request Submitted', 'Your blood request is now pending.', 1, '2026-07-16 17:19:40', 'request'),
(1242, 57, 14, 'New Blood Request', 'New blood request REQ20260716234940 from Dar Dar (A+)', 1, '2026-07-16 17:19:40', 'request'),
(1244, 172, 14, 'Donors Assigned', 'Donors have been assigned to your blood request REQ20260716234940. They will review and respond shortly.', 1, '2026-07-16 17:24:28', 'request'),
(1246, 57, 14, 'Blood Request Accepted', 'Blood request REQ20260716234940 has been accepted by donor Ryou You.', 1, '2026-07-16 17:34:49', 'request'),
(1248, 172, 14, 'Blood Request Accepted', 'Donor Ryou You has accepted your blood request REQ20260716234940.', 1, '2026-07-16 17:34:49', 'request'),
(1249, 194, 41, 'Profile Updated', 'Your donor profile has been updated successfully.', 1, '2026-07-17 02:55:43', 'profile_update'),
(1250, 57, 41, 'Donor Profile Updated', 'Aung updated their donor profile information.', 1, '2026-07-17 02:55:43', 'profile_update'),
(1251, 172, 14, 'Blood Request Submitted', 'Your blood request is now pending.', 1, '2026-07-17 03:12:54', 'request'),
(1252, 194, 14, 'New Blood Request', 'Patient Dar Dar has requested A+ blood. Please review the request.', 1, '2026-07-17 03:12:54', 'request'),
(1253, 57, 14, 'New Blood Request', 'New blood request REQ20260717094254 from Dar Dar (A+)', 1, '2026-07-17 03:12:54', 'request'),
(1254, 172, 16, 'Request Deleted', 'Admin deleted your pending blood request REQ20260717094254.', 1, '2026-07-17 03:14:40', 'reminder'),
(1255, 194, 16, 'Request Deleted', 'The pending blood request REQ20260717094254 for Dar Dar was removed by admin.', 1, '2026-07-17 03:14:40', 'reminder'),
(1256, 57, 16, 'Request Deleted', 'Pending blood request REQ20260717094254 was deleted by admin.', 1, '2026-07-17 03:14:40', 'reminder'),
(1257, 172, 14, 'Blood Request Submitted', 'Your blood request is now pending.', 1, '2026-07-17 03:15:17', 'request'),
(1258, 194, 14, 'New Blood Request', 'Patient Dar Dar has requested A+ blood. Please review the request.', 1, '2026-07-17 03:15:17', 'request'),
(1259, 57, 14, 'New Blood Request', 'New blood request REQ20260717094517 from Dar Dar (A+)', 1, '2026-07-17 03:15:17', 'request'),
(1260, 172, 16, 'Request Deleted', 'Admin deleted your pending blood request REQ20260717094517.', 1, '2026-07-17 03:16:54', 'reminder'),
(1261, 194, 16, 'Request Deleted', 'The pending blood request REQ20260717094517 for Dar Dar was removed by admin.', 1, '2026-07-17 03:16:54', 'reminder'),
(1262, 57, 16, 'Request Deleted', 'Pending blood request REQ20260717094517 was deleted by admin.', 1, '2026-07-17 03:16:54', 'reminder'),
(1263, 172, 14, 'Blood Request Submitted', 'Your blood request is now pending.', 1, '2026-07-17 03:17:31', 'request'),
(1264, 194, 14, 'New Blood Request', 'Patient Dar Dar has requested A+ blood. Please review the request.', 1, '2026-07-17 03:17:31', 'request'),
(1265, 57, 14, 'New Blood Request', 'New blood request REQ20260717094731 from Dar Dar (A+)', 1, '2026-07-17 03:17:31', 'request'),
(1266, 194, 14, 'Blood Request Assigned', 'You have been assigned to blood request REQ20260717094731 for patient Dar Dar (A+). Please review and respond.', 1, '2026-07-17 03:19:24', 'request'),
(1267, 172, 14, 'Donors Assigned', 'Donors have been assigned to your blood request REQ20260717094731. They will review and respond shortly.', 1, '2026-07-17 03:19:24', 'request'),
(1268, 194, 14, 'Blood Request Alert', 'Patient Dar Dar has requested A+ blood. Please review request REQ20260717094731.', 1, '2026-07-17 03:19:48', 'request'),
(1269, 57, 14, 'Blood Request Accepted', 'Blood request REQ20260717094731 has been accepted by donor Aung.', 1, '2026-07-17 03:20:51', 'request'),
(1270, 194, 14, 'Blood Request Accepted', 'You accepted blood request REQ20260717094731. The patient will be notified shortly.', 1, '2026-07-17 03:20:51', 'request'),
(1271, 172, 14, 'Blood Request Accepted', 'Donor Aung has accepted your blood request REQ20260717094731.', 1, '2026-07-17 03:20:51', 'request'),
(1272, 195, 41, 'Profile Updated', 'Your donor profile has been updated successfully.', 1, '2026-07-17 03:29:52', 'profile_update'),
(1273, 57, 41, 'Donor Profile Updated', 'May updated their donor profile information.', 1, '2026-07-17 03:29:52', 'profile_update'),
(1274, 172, 14, 'Blood Request Submitted', 'Your blood request is now pending.', 1, '2026-07-17 03:33:41', 'request'),
(1275, 196, 14, 'New Blood Request', 'Patient Dar Dar has requested B+ blood. Please review the request.', 1, '2026-07-17 03:33:41', 'request'),
(1276, 57, 14, 'New Blood Request', 'New blood request REQ20260717100341 from Dar Dar (B+)', 1, '2026-07-17 03:33:41', 'request'),
(1277, 196, 14, 'Blood Request Assigned', 'You have been assigned to blood request REQ20260717100341 for patient Dar Dar (B+). Please review and respond.', 1, '2026-07-17 03:38:16', 'request'),
(1278, 172, 14, 'Donors Assigned', 'Donors have been assigned to your blood request REQ20260717100341. They will review and respond shortly.', 1, '2026-07-17 03:38:16', 'request'),
(1279, 196, 14, 'Blood Request Alert', 'Patient Dar Dar has requested B+ blood. Please review request REQ20260717100341.', 1, '2026-07-17 03:38:25', 'request'),
(1280, 172, 14, 'Blood Request Submitted', 'Your blood request is now pending.', 1, '2026-07-17 03:42:22', 'request'),
(1281, 196, 14, 'New Blood Request', 'Patient Dar Dar has requested B+ blood. Please review the request.', 1, '2026-07-17 03:42:22', 'request'),
(1282, 57, 14, 'New Blood Request', 'New blood request REQ20260717101222 from Dar Dar (B+)', 1, '2026-07-17 03:42:22', 'request'),
(1283, 196, 14, 'Blood Request Assigned', 'You have been assigned to blood request REQ20260717101222 for patient Dar Dar (B+). Please review and respond.', 1, '2026-07-17 03:43:02', 'request'),
(1284, 172, 14, 'Donors Assigned', 'Donors have been assigned to your blood request REQ20260717101222. They will review and respond shortly.', 1, '2026-07-17 03:43:02', 'request'),
(1285, 57, 46, 'Donors Assigned', 'Donors have been assigned to blood request REQ20260717101222 for patient Dar Dar (B+).', 1, '2026-07-17 03:43:02', 'admin_action'),
(1286, 196, 14, 'Blood Request Alert', 'Patient Dar Dar has requested B+ blood. Please review request REQ20260717101222.', 1, '2026-07-17 03:43:19', 'request'),
(1287, 57, 46, 'Donor Email Alert Sent', 'Email alert for blood request REQ20260717101222 (patient Dar Dar, B+) was sent to 1 donor(s).', 1, '2026-07-17 03:43:19', 'admin_action'),
(1288, 57, 14, 'Blood Request Accepted', 'Blood request REQ20260717101222 has been accepted by donor Bunny.', 1, '2026-07-17 03:43:48', 'request'),
(1289, 196, 14, 'Blood Request Accepted', 'You accepted blood request REQ20260717101222. The patient will be notified shortly.', 1, '2026-07-17 03:43:48', 'request'),
(1290, 172, 14, 'Blood Request Accepted', 'Donor Bunny has accepted your blood request REQ20260717101222.', 1, '2026-07-17 03:43:48', 'request'),
(1291, 180, 16, 'Request Deleted', 'Admin deleted your pending blood request REQ20260716234853.', 1, '2026-07-17 03:44:40', 'reminder'),
(1292, 57, 16, 'Request Deleted', 'Pending blood request REQ20260716234853 was deleted by admin.', 1, '2026-07-17 03:44:40', 'reminder'),
(1293, 180, 14, 'Blood Request Submitted', 'Your blood request is now pending.', 1, '2026-07-17 03:45:39', 'request'),
(1294, 57, 14, 'New Blood Request', 'New blood request REQ20260717101539 from Kay Kay (A+)', 1, '2026-07-17 03:45:39', 'request'),
(1295, 172, 14, 'Blood Request Submitted', 'Your blood request is now pending.', 1, '2026-07-17 03:46:19', 'request'),
(1296, 57, 14, 'New Blood Request', 'New blood request REQ20260717101619 from Dar Dar (A+)', 1, '2026-07-17 03:46:19', 'request'),
(1297, 57, 45, 'New Donor Registered (Google)', 'A new donor \"Ryou You\" has registered via Google Sign-In (ID: 197).', 1, '2026-07-17 03:46:52', 'user_action'),
(1298, 57, 45, 'Donor Logged In (Google)', 'Donor \"Ryou You\" has logged in to the system via Google Sign-In.', 1, '2026-07-17 03:46:52', 'user_action'),
(1299, 197, 41, 'Profile Updated', 'Your donor profile has been updated successfully.', 1, '2026-07-17 03:47:28', 'profile_update'),
(1300, 57, 41, 'Donor Profile Updated', 'Ryou You updated their donor profile information.', 1, '2026-07-17 03:47:28', 'profile_update'),
(1301, 180, 41, 'Profile Updated', 'Your profile has been updated successfully.', 1, '2026-07-17 03:49:35', 'profile_update'),
(1302, 57, 41, 'Patient Profile Updated', 'Kay Kay updated their profile information.', 1, '2026-07-17 03:49:35', 'profile_update');

-- --------------------------------------------------------

--
-- Table structure for table `permissions`
--

CREATE TABLE `permissions` (
  `permission_id` int(11) NOT NULL,
  `permission_name` varchar(100) NOT NULL,
  `permission_key` varchar(100) NOT NULL,
  `description` varchar(255) DEFAULT NULL,
  `created_at` timestamp NOT NULL DEFAULT current_timestamp()
) ENGINE=InnoDB DEFAULT CHARSET=utf8mb4 COLLATE=utf8mb4_general_ci;

--
-- Dumping data for table `permissions`
--

INSERT INTO `permissions` (`permission_id`, `permission_name`, `permission_key`, `description`, `created_at`) VALUES
(13, 'View Dashboard', 'dashboard.view', 'View dashboard', '2026-07-07 15:23:44'),
(14, 'View Profile', 'profile.view', 'View profile', '2026-07-07 15:23:44'),
(15, 'Update Profile', 'profile.update', 'Update profile', '2026-07-07 15:23:44'),
(16, 'Create Blood Request', 'blood_request.create', 'Create blood request', '2026-07-07 15:23:44'),
(17, 'View My Requests', 'blood_request.view_own', 'View own requests', '2026-07-07 15:23:44'),
(18, 'Search Donor', 'donor.search', 'Search donors', '2026-07-07 15:23:44'),
(19, 'View Matching Requests', 'blood_request.view_matching', 'View matching requests', '2026-07-07 15:23:44'),
(20, 'Accept Blood Request', 'blood_request.accept', 'Accept blood request', '2026-07-07 15:23:44'),
(21, 'Decline Blood Request', 'blood_request.decline', 'Decline blood request', '2026-07-07 15:23:44'),
(22, 'View Donation History', 'donation_history.view', 'View donation history', '2026-07-07 15:23:44'),
(23, 'View Notifications', 'notification.view', 'View notifications', '2026-07-07 15:23:44'),
(24, 'View Users', 'user.view', 'View users', '2026-07-07 15:23:44'),
(25, 'Delete Users', 'user.delete', 'Delete users', '2026-07-07 15:23:44'),
(26, 'View Donors', 'donor.view', 'View donors', '2026-07-07 15:23:44'),
(27, 'Delete Donors', 'donor.delete', 'Delete donors', '2026-07-07 15:23:44'),
(28, 'View Statistics', 'statistics.view', 'Dashboard statistics', '2026-07-07 15:23:44'),
(29, 'View Activity Log', 'activity_log.view', 'View system activity', '2026-07-07 15:23:44'),
(30, 'Manage User Types', 'user_type.manage', 'Manage roles', '2026-07-07 15:23:44'),
(31, 'Manage Permissions', 'permission.manage', 'Assign permissions', '2026-07-07 15:23:44');

-- --------------------------------------------------------

--
-- Table structure for table `request_donors`
--

CREATE TABLE `request_donors` (
  `request_donor_id` int(11) NOT NULL,
  `request_id` int(11) NOT NULL,
  `donor_id` int(11) NOT NULL,
  `response_status_id` int(11) NOT NULL,
  `response_date` timestamp NULL DEFAULT NULL
) ENGINE=InnoDB DEFAULT CHARSET=utf8mb4 COLLATE=utf8mb4_general_ci;

--
-- Dumping data for table `request_donors`
--

INSERT INTO `request_donors` (`request_donor_id`, `request_id`, `donor_id`, `response_status_id`, `response_date`) VALUES
(8, 223, 182, 11, NULL),
(9, 224, 184, 11, NULL),
(10, 218, 185, 11, NULL),
(13, 230, 183, 11, NULL),
(14, 235, 187, 11, NULL),
(15, 236, 189, 11, NULL),
(20, 244, 191, 11, NULL),
(23, 251, 194, 11, NULL),
(25, 253, 196, 11, NULL);

-- --------------------------------------------------------

--
-- Table structure for table `users`
--

CREATE TABLE `users` (
  `user_id` int(11) NOT NULL,
  `google_id` varchar(255) DEFAULT NULL,
  `avatar` varchar(500) DEFAULT NULL,
  `auth_provider` varchar(50) DEFAULT 'local',
  `email` varchar(100) NOT NULL,
  `phone` varchar(20) DEFAULT NULL,
  `password` varchar(255) NOT NULL,
  `blood_group` varchar(10) DEFAULT NULL,
  `address` text DEFAULT NULL,
  `status_id` int(11) NOT NULL,
  `available` tinyint(1) DEFAULT 1,
  `created_at` timestamp NOT NULL DEFAULT current_timestamp(),
  `username` varchar(100) DEFAULT NULL,
  `updated_at` timestamp NOT NULL DEFAULT current_timestamp() ON UPDATE current_timestamp(),
  `deleted_at` timestamp NULL DEFAULT NULL,
  `user_type_id` int(11) NOT NULL,
  `is_verified` tinyint(1) DEFAULT 0,
  `verification_code` varchar(10) DEFAULT NULL,
  `verification_expires_at` datetime DEFAULT NULL,
  `is_active` tinyint(1) DEFAULT 1,
  `is_login` tinyint(1) DEFAULT 0,
  `blood_group_code` varchar(50) DEFAULT NULL,
  `next_available_date` datetime DEFAULT NULL
) ENGINE=InnoDB DEFAULT CHARSET=utf8mb4 COLLATE=utf8mb4_general_ci;

--
-- Dumping data for table `users`
--

INSERT INTO `users` (`user_id`, `google_id`, `avatar`, `auth_provider`, `email`, `phone`, `password`, `blood_group`, `address`, `status_id`, `available`, `created_at`, `username`, `updated_at`, `deleted_at`, `user_type_id`, `is_verified`, `verification_code`, `verification_expires_at`, `is_active`, `is_login`, `blood_group_code`, `next_available_date`) VALUES
(57, NULL, NULL, 'local', 'adminbloodconnect@gmail.com', NULL, '$2y$10$5efVnZlim6W66nsKyKhcW.nizpGZE1xGhYrmhjJlJJ1VEQQJllK2u', 'A_POS', NULL, 1, 1, '2026-07-05 16:13:33', 'Admin', '2026-07-16 16:27:52', NULL, 1, 1, NULL, NULL, 1, 1, NULL, NULL),
(172, '111703472602645590421', 'https://lh3.googleusercontent.com/a/ACg8ocKPkjLhL9EsShy3IvoR-9zxQ__wM_C_twgxHrq54QyVLlXpfw=s96-c', 'google', 'dardar86425@gmail.com', '09663237617', '', 'A+', 'Yangon', 1, 1, '2026-07-15 16:31:04', 'Dar Dar', '2026-07-16 09:19:45', NULL, 3, 1, NULL, NULL, 1, 1, NULL, NULL),
(180, '105998063650889799275', 'https://lh3.googleusercontent.com/a/ACg8ocK-DK6c7knIVLleuR4kYVeOnYikvdy9qTyI0e-T6xVPFvJ7rsI=s96-c', 'google', 'kaykay86425@gmail.com', '09671739912', '$2y$10$y.iTxnxv5f1JMIumtcnPmOMKGH1.u7/QjaM0XzJoPKaaUqIvDpLPO', 'A+', 'Yangon', 3, 1, '2026-07-16 03:19:04', 'Kay Kay', '2026-07-17 03:49:35', NULL, 3, 1, NULL, NULL, 1, 1, NULL, NULL),
(182, NULL, NULL, 'local', 'noenoe365777@gmail.com', '09765732081', '$2y$10$bLoALKDwM5tBlwXpg.lD3.q/Y5WhZ1FC6JwxC1sFQvEa1K5Zmvo5m', 'A+', 'Yangon', 3, 0, '2026-07-16 03:29:24', 'Noe Noe', '2026-07-16 04:15:06', NULL, 2, 1, NULL, NULL, 1, 0, NULL, '2026-10-16 10:42:26'),
(183, NULL, NULL, 'local', 'htetnandarlinn14@gmail.com', '09953050708', '$2y$10$NmbRYCCAM9ae5OIlc96p4.xh0JUQJgjcmQD8qh059IjEYVDXEd3Ty', 'A+', 'Yamethin', 3, 0, '2026-07-16 03:58:41', 'Htet Linn', '2026-07-16 05:49:32', NULL, 2, 1, NULL, NULL, 1, 0, NULL, '2026-10-16 12:19:12'),
(184, '103149160792300548823', 'https://lh3.googleusercontent.com/a/ACg8ocLSI9-b64KTppFY0E2JlxgzBq-slAkO4Exr1Ox23cLt5wlLRDA=s96-c', 'google', 'htetnandarlinn225840@gmail.com', '09765732081', '', 'B+', 'Yangon', 1, 0, '2026-07-16 04:20:52', 'Htet Nandar Linn', '2026-07-16 04:29:05', NULL, 2, 1, NULL, NULL, 1, 0, NULL, '2026-10-16 10:58:11'),
(185, '104643620972738086170', 'https://lh3.googleusercontent.com/a/ACg8ocKizimcpaz8EXBZ6mdRYBW4sewwK4Oni_QBBcGsnhk0KzVjNQ=s96-c', 'google', 'ngal225840@gmail.com', '09765732081', '', 'B+', 'Yangon', 1, 0, '2026-07-16 04:40:12', 'Super Ngal', '2026-07-16 07:03:21', NULL, 2, 1, NULL, NULL, 1, 0, NULL, '2026-10-16 11:11:30'),
(186, NULL, NULL, 'local', 'barbie86426@gmail.com', '09765732081', '$2y$10$H3XzCwVvVqFFgpC1.frm8OfdSHGRp.g11MU9BCPfSyuMFGiWqWyg.', 'O+', 'Mandalay', 3, 0, '2026-07-16 04:59:17', 'Barbie', '2026-07-16 07:18:10', NULL, 2, 1, NULL, NULL, 1, 0, NULL, '2026-10-16 12:14:17'),
(187, NULL, NULL, 'local', 'thaetone712021@gmail.com', '09765732081', '$2y$10$ryGe8MnWMWXtiBD0/SKii.eaa50xIt63gxu.VLiMPeDGR49krWhnW', 'AB+', 'Yangon', 3, 0, '2026-07-16 06:38:09', 'Thae Tone', '2026-07-16 06:50:37', NULL, 2, 1, NULL, NULL, 1, 0, NULL, '2026-10-16 13:20:26'),
(189, NULL, NULL, 'local', 'naychi202171@gmail.com', '09765732081', '$2y$10$EwVE9ry.d3thnMUJH0P0POZ15WytDwTIVidznR4dYaOWg8NZBd0tu', 'AB+', 'Yangon', 3, 0, '2026-07-16 07:33:58', 'Nay Chi', '2026-07-16 09:12:07', NULL, 2, 1, NULL, NULL, 1, 0, NULL, '2026-10-16 15:36:09'),
(191, NULL, NULL, 'local', 'tnu0405@gmail.com', '09781971691', '$2y$10$hBxFJQKmKpPZRzilSTF/K.ToQRlritBO2jf31Ix5NgK61oAnjonGm', 'O+', 'Yangon', 3, 0, '2026-07-16 15:03:11', 'T NU', '2026-07-16 17:06:03', NULL, 2, 1, NULL, NULL, 1, 0, NULL, '2026-10-16 23:35:54'),
(194, NULL, NULL, 'local', 'aung2512003@gmail.com', '09765732081', '$2y$10$1NnPr0Sk5W8Vax1Bh2vVLuCr1okaAoW0OwC9eNM0Lv1vernxaZjAW', 'A+', 'Yangon', 3, 0, '2026-07-17 02:54:28', 'Aung', '2026-07-17 03:23:08', NULL, 2, 1, NULL, NULL, 1, 0, NULL, '2026-10-17 09:50:51'),
(195, NULL, NULL, 'local', 'mayple86425@gmail.com', '09765732081', '$2y$10$zTtSQRP6fEk9DWsS15NdcOk3HTejLykn5HxUqPKEQ/AOEa3BUsBxO', 'B+', 'Mandalay', 3, 0, '2026-07-17 03:28:48', 'May', '2026-07-17 03:31:00', NULL, 2, 1, NULL, NULL, 1, 0, NULL, NULL),
(196, '100637882766589240359', 'https://lh3.googleusercontent.com/a/ACg8ocLq-nYuKtdaILNaxZqpk-CP_oUEzKAog-HQGwocTViGmeppr7o=s96-c', 'google', 'bunny86425@gmail.com', NULL, '', 'B+', NULL, 1, 0, '2026-07-17 03:31:41', 'Bunny', '2026-07-17 03:46:30', NULL, 2, 1, NULL, NULL, 1, 0, NULL, '2026-10-17 10:13:48'),
(197, '113431109616103400882', 'https://lh3.googleusercontent.com/a/ACg8ocJ6pnC_jMieMhX4vpW7aZWlX0R82GJkQERcftBNDyzqblYf5A=s96-c', 'google', 'ryouyou86425@gmail.com', '09765732081', '', 'A+', 'Yangon', 1, 1, '2026-07-17 03:46:52', 'Ryou You', '2026-07-17 03:47:28', NULL, 2, 1, NULL, NULL, 1, 1, NULL, NULL);

-- --------------------------------------------------------

--
-- Table structure for table `user_types`
--

CREATE TABLE `user_types` (
  `id` int(11) NOT NULL,
  `name` varchar(50) NOT NULL,
  `permissions` text DEFAULT NULL,
  `created_at` timestamp NOT NULL DEFAULT current_timestamp()
) ENGINE=InnoDB DEFAULT CHARSET=utf8mb4 COLLATE=utf8mb4_general_ci;

--
-- Dumping data for table `user_types`
--

INSERT INTO `user_types` (`id`, `name`, `permissions`, `created_at`) VALUES
(1, 'admin', '*', '2026-07-07 12:46:52'),
(2, 'donor', 'dashboard,blood_requests,accept_request,profile,notifications,history', '2026-07-07 12:46:52'),
(3, 'patient', 'dashboard,request_blood,search_donor,my_requests,profile,notifications', '2026-07-07 12:46:52');

-- --------------------------------------------------------

--
-- Table structure for table `user_type_permissions`
--

CREATE TABLE `user_type_permissions` (
  `user_type_id` int(11) NOT NULL,
  `permission_id` int(11) NOT NULL
) ENGINE=InnoDB DEFAULT CHARSET=utf8mb4 COLLATE=utf8mb4_general_ci;

--
-- Dumping data for table `user_type_permissions`
--

INSERT INTO `user_type_permissions` (`user_type_id`, `permission_id`) VALUES
(1, 13),
(1, 14),
(1, 15),
(1, 16),
(1, 17),
(1, 18),
(1, 19),
(1, 20),
(1, 21),
(1, 22),
(1, 23),
(1, 24),
(1, 25),
(1, 26),
(1, 27),
(1, 28),
(1, 29),
(1, 30),
(1, 31),
(2, 13),
(2, 14),
(2, 15),
(2, 16),
(2, 17),
(2, 18),
(2, 19),
(2, 20),
(2, 21),
(2, 22),
(2, 23),
(2, 26),
(2, 27),
(2, 28),
(2, 29),
(2, 31),
(3, 13),
(3, 14),
(3, 15),
(3, 16),
(3, 17),
(3, 18),
(3, 19),
(3, 20),
(3, 21),
(3, 22),
(3, 23),
(3, 26),
(3, 27),
(3, 28),
(3, 29),
(3, 31);

--
-- Indexes for dumped tables
--

--
-- Indexes for table `activity_logs`
--
ALTER TABLE `activity_logs`
  ADD PRIMARY KEY (`id`);

--
-- Indexes for table `blood_requests`
--
ALTER TABLE `blood_requests`
  ADD PRIMARY KEY (`request_id`),
  ADD UNIQUE KEY `request_code` (`request_code`),
  ADD KEY `status_id` (`status`),
  ADD KEY `blood_requests_ibfk_1` (`patient_id`);

--
-- Indexes for table `donation_history`
--
ALTER TABLE `donation_history`
  ADD PRIMARY KEY (`donation_id`),
  ADD KEY `request_id` (`request_id`),
  ADD KEY `donor_id` (`donor_id`),
  ADD KEY `status_id` (`status`);

--
-- Indexes for table `donors`
--
ALTER TABLE `donors`
  ADD PRIMARY KEY (`id`),
  ADD KEY `user_id` (`user_id`);

--
-- Indexes for table `master_data`
--
ALTER TABLE `master_data`
  ADD PRIMARY KEY (`id`);

--
-- Indexes for table `notifications`
--
ALTER TABLE `notifications`
  ADD PRIMARY KEY (`notification_id`),
  ADD KEY `notification_type_id` (`notification_type_id`),
  ADD KEY `notifications_ibfk_1` (`user_id`);

--
-- Indexes for table `permissions`
--
ALTER TABLE `permissions`
  ADD PRIMARY KEY (`permission_id`),
  ADD UNIQUE KEY `permission_key` (`permission_key`);

--
-- Indexes for table `request_donors`
--
ALTER TABLE `request_donors`
  ADD PRIMARY KEY (`request_donor_id`),
  ADD KEY `request_id` (`request_id`),
  ADD KEY `donor_id` (`donor_id`),
  ADD KEY `response_status_id` (`response_status_id`);

--
-- Indexes for table `users`
--
ALTER TABLE `users`
  ADD PRIMARY KEY (`user_id`),
  ADD UNIQUE KEY `email` (`email`),
  ADD UNIQUE KEY `google_id` (`google_id`),
  ADD KEY `availability_id` (`available`),
  ADD KEY `fk_users_user_types` (`user_type_id`),
  ADD KEY `fk_user_status` (`status_id`);

--
-- Indexes for table `user_types`
--
ALTER TABLE `user_types`
  ADD PRIMARY KEY (`id`),
  ADD UNIQUE KEY `name` (`name`);

--
-- Indexes for table `user_type_permissions`
--
ALTER TABLE `user_type_permissions`
  ADD PRIMARY KEY (`user_type_id`,`permission_id`),
  ADD KEY `permission_id` (`permission_id`);

--
-- AUTO_INCREMENT for dumped tables
--

--
-- AUTO_INCREMENT for table `activity_logs`
--
ALTER TABLE `activity_logs`
  MODIFY `id` int(11) NOT NULL AUTO_INCREMENT, AUTO_INCREMENT=724;

--
-- AUTO_INCREMENT for table `blood_requests`
--
ALTER TABLE `blood_requests`
  MODIFY `request_id` int(11) NOT NULL AUTO_INCREMENT, AUTO_INCREMENT=256;

--
-- AUTO_INCREMENT for table `donation_history`
--
ALTER TABLE `donation_history`
  MODIFY `donation_id` int(11) NOT NULL AUTO_INCREMENT, AUTO_INCREMENT=58;

--
-- AUTO_INCREMENT for table `donors`
--
ALTER TABLE `donors`
  MODIFY `id` int(11) NOT NULL AUTO_INCREMENT, AUTO_INCREMENT=52;

--
-- AUTO_INCREMENT for table `master_data`
--
ALTER TABLE `master_data`
  MODIFY `id` int(11) NOT NULL AUTO_INCREMENT, AUTO_INCREMENT=47;

--
-- AUTO_INCREMENT for table `notifications`
--
ALTER TABLE `notifications`
  MODIFY `notification_id` int(11) NOT NULL AUTO_INCREMENT, AUTO_INCREMENT=1303;

--
-- AUTO_INCREMENT for table `permissions`
--
ALTER TABLE `permissions`
  MODIFY `permission_id` int(11) NOT NULL AUTO_INCREMENT, AUTO_INCREMENT=32;

--
-- AUTO_INCREMENT for table `request_donors`
--
ALTER TABLE `request_donors`
  MODIFY `request_donor_id` int(11) NOT NULL AUTO_INCREMENT, AUTO_INCREMENT=26;

--
-- AUTO_INCREMENT for table `users`
--
ALTER TABLE `users`
  MODIFY `user_id` int(11) NOT NULL AUTO_INCREMENT, AUTO_INCREMENT=198;

--
-- AUTO_INCREMENT for table `user_types`
--
ALTER TABLE `user_types`
  MODIFY `id` int(11) NOT NULL AUTO_INCREMENT, AUTO_INCREMENT=7;

--
-- Constraints for dumped tables
--

--
-- Constraints for table `blood_requests`
--
ALTER TABLE `blood_requests`
  ADD CONSTRAINT `blood_requests_ibfk_1` FOREIGN KEY (`patient_id`) REFERENCES `users` (`user_id`) ON DELETE CASCADE,
  ADD CONSTRAINT `blood_requests_ibfk_2` FOREIGN KEY (`status`) REFERENCES `master_data` (`id`);

--
-- Constraints for table `donation_history`
--
ALTER TABLE `donation_history`
  ADD CONSTRAINT `donation_history_ibfk_1` FOREIGN KEY (`request_id`) REFERENCES `blood_requests` (`request_id`),
  ADD CONSTRAINT `donation_history_ibfk_2` FOREIGN KEY (`donor_id`) REFERENCES `users` (`user_id`),
  ADD CONSTRAINT `donation_history_ibfk_3` FOREIGN KEY (`status`) REFERENCES `master_data` (`id`);

--
-- Constraints for table `notifications`
--
ALTER TABLE `notifications`
  ADD CONSTRAINT `notifications_ibfk_1` FOREIGN KEY (`user_id`) REFERENCES `users` (`user_id`) ON DELETE CASCADE,
  ADD CONSTRAINT `notifications_ibfk_2` FOREIGN KEY (`notification_type_id`) REFERENCES `master_data` (`id`);

--
-- Constraints for table `request_donors`
--
ALTER TABLE `request_donors`
  ADD CONSTRAINT `request_donors_ibfk_1` FOREIGN KEY (`request_id`) REFERENCES `blood_requests` (`request_id`),
  ADD CONSTRAINT `request_donors_ibfk_2` FOREIGN KEY (`donor_id`) REFERENCES `users` (`user_id`),
  ADD CONSTRAINT `request_donors_ibfk_3` FOREIGN KEY (`response_status_id`) REFERENCES `master_data` (`id`);

--
-- Constraints for table `users`
--
ALTER TABLE `users`
  ADD CONSTRAINT `fk_user_status` FOREIGN KEY (`status_id`) REFERENCES `master_data` (`id`),
  ADD CONSTRAINT `fk_users_user_types` FOREIGN KEY (`user_type_id`) REFERENCES `user_types` (`id`) ON UPDATE CASCADE;

--
-- Constraints for table `user_type_permissions`
--
ALTER TABLE `user_type_permissions`
  ADD CONSTRAINT `user_type_permissions_ibfk_1` FOREIGN KEY (`user_type_id`) REFERENCES `user_types` (`id`) ON DELETE CASCADE,
  ADD CONSTRAINT `user_type_permissions_ibfk_2` FOREIGN KEY (`permission_id`) REFERENCES `permissions` (`permission_id`) ON DELETE CASCADE;
COMMIT;

/*!40101 SET CHARACTER_SET_CLIENT=@OLD_CHARACTER_SET_CLIENT */;
/*!40101 SET CHARACTER_SET_RESULTS=@OLD_CHARACTER_SET_RESULTS */;
/*!40101 SET COLLATION_CONNECTION=@OLD_COLLATION_CONNECTION */;
